"gene_name","gene_id_mat","chromosome_mat","gene_id_pat","chromosome_pat","num_reads_mouse_1_female_mat_bl6","num_reads_mouse_2_female_mat_bl6","num_reads_mouse_4_female_mat_bl6","num_reads_mouse_7_male_mat_bl6","num_reads_mouse_8_male_mat_bl6","num_reads_mouse_1_female_pat_cast","num_reads_mouse_2_female_pat_cast","num_reads_mouse_4_female_pat_cast","num_reads_mouse_7_male_pat_cast","num_reads_mouse_8_male_pat_cast"
"1600025M17Rik","ENSMUSG00000085114","X","MGP_CASTEiJ_G0007360","X",0,0,0,0,0,0,0,0,0,0
"1700003E24Rik","ENSMUSG00000095110","X","MGP_CASTEiJ_G0007372","X",0,0,0,0,0,0,0,0,0,0
"1700010D01Rik","ENSMUSG00000071721","X","MGP_CASTEiJ_G0007371","X",0,0,0,0,0,0,0,0,0,0
"1700011M02Rik","ENSMUSG00000079476","X","MGP_CASTEiJ_G0034943","X",0,0,0,0,0,0,0,0,0,0
"1700013H16Rik","ENSMUSG00000054727","X","MGP_CASTEiJ_G0034695","X",0,0,2,0,1,0,0,0,0,0
"1700036O09Rik","ENSMUSG00000086185","X","MGP_CASTEiJ_G0007363","X",0,0,0,0,0,0,0,0,0,0
"1700084M14Rik","ENSMUSG00000057805","X","MGP_CASTEiJ_G0034892","X",0,0,0,0,0,0,0,0,0,0
"1810030O07Rik","ENSMUSG00000044148","X","MGP_CASTEiJ_G0034547","X",100,110,67,105,122,28,21,14,9,6
"2010106E10Rik","ENSMUSG00000025528","X","MGP_CASTEiJ_G0034997","X",0,0,0,0,0,0,0,0,0,0
"2010204K13Rik","ENSMUSG00000063018","X","MGP_CASTEiJ_G0015081","X",0,0,0,1,0,0,0,0,0,0
"2010308F09Rik","ENSMUSG00000100714","X","MGP_CASTEiJ_G0007348","X",0,0,0,0,0,0,0,0,0,0
"2610002M06Rik","ENSMUSG00000031242","X","MGP_CASTEiJ_G0034979","X",31,49,41,45,28,14,21,8,12,10
"3010001F23Rik","ENSMUSG00000084885","X","MGP_CASTEiJ_G0015112","X",0,0,0,0,0,0,0,0,0,0
"4921511C20Rik","ENSMUSG00000049815","X","MGP_CASTEiJ_G0035015","X",0,0,0,0,0,0,0,0,0,0
"4930402K13Rik","ENSMUSG00000045797","X","MGP_CASTEiJ_G0034531","X",0,0,0,0,0,0,0,0,0,0
"4930415L06Rik","ENSMUSG00000035387","X","MGP_CASTEiJ_G0034861","X",0,0,0,0,0,0,0,0,0,0
"4930447F04Rik","ENSMUSG00000031182","X","MGP_CASTEiJ_G0034732","X",0,0,0,0,0,0,0,0,0,0
"4930453H23Rik","ENSMUSG00000087358","X","MGP_CASTEiJ_G0007352","X",0,0,0,0,0,0,0,0,0,0
"4930480E11Rik","ENSMUSG00000035651","X","MGP_CASTEiJ_G0034843","X",0,0,0,0,0,0,0,0,0,0
"4930513O06Rik","ENSMUSG00000031270","X","MGP_CASTEiJ_G0035087","X",0,0,0,0,0,0,0,0,0,0
"4930515L19Rik","ENSMUSG00000085157","X","MGP_CASTEiJ_G0004588","X",0,0,0,0,0,0,0,0,0,0
"4930555B12Rik","ENSMUSG00000085619","X","MGP_CASTEiJ_G0007382","X",0,0,0,0,0,0,0,0,0,0
"4930558G05Rik","ENSMUSG00000086244","X","MGP_CASTEiJ_G0007385","X",0,0,0,0,0,0,0,0,0,0
"4930567H17Rik","ENSMUSG00000073141","X","MGP_CASTEiJ_G0034744","X",0,0,0,0,0,0,0,0,0,0
"4930570D08Rik","ENSMUSG00000084875","X","MGP_CASTEiJ_G0015103","X",0,0,0,0,0,0,0,0,0,0
"4930595M18Rik","ENSMUSG00000060673","X","MGP_CASTEiJ_G0034849","X",0,0,0,0,0,0,0,0,0,0
"4931400O07Rik","ENSMUSG00000031194","X","MGP_CASTEiJ_G0034727","X",0,0,0,0,0,0,0,0,0,0
"4932411N23Rik","ENSMUSG00000058670","X","MGP_CASTEiJ_G0035013","X",0,0,0,0,0,0,0,0,0,0
"4932429P05Rik","ENSMUSG00000079513","X","MGP_CASTEiJ_G0034860","X",0,0,0,0,0,0,0,0,0,0
"4933400A11Rik","ENSMUSG00000055357","X","MGP_CASTEiJ_G0035236","X",0,0,0,0,0,0,0,0,0,0
"4933403O08Rik","ENSMUSG00000079460","X","MGP_CASTEiJ_G0034994","X",0,0,0,0,0,0,0,0,0,0
"4933428M09Rik","ENSMUSG00000042525","X","MGP_CASTEiJ_G0035088","X",0,0,0,1,0,0,0,0,0,0
"4933436I01Rik","ENSMUSG00000025288","X","MGP_CASTEiJ_G0034734","X",0,0,0,0,0,0,0,0,0,0
"5330434G04Rik","ENSMUSG00000087620","X","MGP_CASTEiJ_G0007380","X",0,0,0,0,0,0,0,0,0,0
"5530601H04Rik","ENSMUSG00000087174","X","MGP_CASTEiJ_G0015101","X",23,20,16,18,16,32,25,33,24,16
"5730405O15Rik","ENSMUSG00000087424","X","MGP_CASTEiJ_G0015086","X",0,0,1,0,0,3,3,1,1,4
"5730412P04Rik","ENSMUSG00000087553","X","MGP_CASTEiJ_G0015109","X",0,0,0,0,1,0,0,1,0,0
"6030498E09Rik","ENSMUSG00000051361","X","MGP_CASTEiJ_G0034633","X",0,0,0,0,0,0,0,0,0,0
"8030474K03Rik","ENSMUSG00000046774","X","MGP_CASTEiJ_G0034930","X",6,0,0,0,0,1,0,0,0,0
"9530051G07Rik","ENSMUSG00000085982","X","MGP_CASTEiJ_G0015113","X",0,1,1,1,1,0,0,0,0,0
"A230072C01Rik","ENSMUSG00000086877","X","MGP_CASTEiJ_G0015088","X",13,11,9,4,9,0,0,0,1,0
"A230072E10Rik","ENSMUSG00000084771","X","MGP_CASTEiJ_G0004613","X",6,3,2,1,5,3,1,2,4,1
"A630012P03Rik","ENSMUSG00000055110","X","MGP_CASTEiJ_G0004591","X",0,0,0,0,0,0,0,0,0,0
"Abcb7","ENSMUSG00000031333","X","MGP_CASTEiJ_G0034953","X",87,103,85,114,116,15,12,8,6,8
"Abcd1","ENSMUSG00000031378","X","MGP_CASTEiJ_G0034779","X",62,63,37,104,70,26,32,28,2,5
"Ace2","ENSMUSG00000015405","X","MGP_CASTEiJ_G0035210","X",191,192,145,213,246,21,14,33,21,31
"Acot9","ENSMUSG00000025287","X","MGP_CASTEiJ_G0035169","X",43,65,31,46,65,4,4,9,9,7
"Acsl4","ENSMUSG00000031278","X","MGP_CASTEiJ_G0035117","X",5846,5925,4031,6052,6099,860,872,764,591,699
"Actrt1","ENSMUSG00000046615","X","MGP_CASTEiJ_G0034647","X",0,0,0,0,0,0,0,0,0,0
"Adgrg2","ENSMUSG00000031298","X","MGP_CASTEiJ_G0035188","X",0,1,0,0,0,0,0,0,0,0
"Aff2","ENSMUSG00000031189","X","MGP_CASTEiJ_G0034739","X",0,0,0,0,0,0,0,0,0,0
"Agtr2","ENSMUSG00000068122","X","MGP_CASTEiJ_G0034587","X",0,0,0,0,0,0,0,0,0,0
"Aifm1","ENSMUSG00000036932","X","MGP_CASTEiJ_G0034657","X",10,14,9,0,2,5,3,4,1,1
"Akap14","ENSMUSG00000036551","X","MGP_CASTEiJ_G0034611","X",0,0,0,0,0,0,0,0,0,0
"Akap17b","ENSMUSG00000059708","X","MGP_CASTEiJ_G0034601","X",3,3,6,6,5,2,3,0,4,2
"Akap4","ENSMUSG00000050089","X","MGP_CASTEiJ_G0034490","X",0,0,0,0,0,0,0,0,0,0
"Alas2","ENSMUSG00000025270","X","MGP_CASTEiJ_G0035134","X",0,0,1,0,0,0,0,0,0,0
"Alg13","ENSMUSG00000041718","X","MGP_CASTEiJ_G0035125","X",46,23,21,30,37,6,4,4,1,1
"Amelx","ENSMUSG00000031354","X","MGP_CASTEiJ_G0035234","X",0,0,0,0,0,0,0,0,0,0
"Amer1","ENSMUSG00000050332","X","MGP_CASTEiJ_G0034881","X",123,98,74,82,124,25,17,32,29,38
"Ammecr1","ENSMUSG00000042225","X","MGP_CASTEiJ_G0035119","X",27,34,9,22,26,2,1,4,7,7
"Amot","ENSMUSG00000041688","X","MGP_CASTEiJ_G0035129","X",14,34,8,28,46,3,2,1,3,4
"Ap1s2","ENSMUSG00000031367","X","MGP_CASTEiJ_G0035205","X",72,50,44,51,41,13,13,19,11,10
"Apln","ENSMUSG00000037010","X","MGP_CASTEiJ_G0034650","X",11,7,8,3,6,3,2,6,0,0
"Apoo","ENSMUSG00000079508","X","MGP_CASTEiJ_G0034875","X",19,18,14,31,17,0,0,0,0,0
"Apool","ENSMUSG00000025525","X","MGP_CASTEiJ_G0034995","X",24,19,12,9,18,0,0,0,0,1
"Ar","ENSMUSG00000046532","X","MGP_CASTEiJ_G0034895","X",0,1,0,0,0,0,1,0,0,0
"Araf","ENSMUSG00000001127","X","MGP_CASTEiJ_G0034576","X",207,237,199,193,230,32,32,28,16,22
"Arhgap36","ENSMUSG00000036198","X","MGP_CASTEiJ_G0034665","X",0,1,0,1,0,0,0,0,0,0
"Arhgap4","ENSMUSG00000031389","X","MGP_CASTEiJ_G0034786","X",21,29,30,41,47,11,4,6,4,1
"Arhgap6","ENSMUSG00000031355","X","MGP_CASTEiJ_G0035233","X",89,145,67,121,83,28,24,12,9,19
"Arhgef6","ENSMUSG00000031133","X","MGP_CASTEiJ_G0034712","X",100,133,71,140,123,34,32,31,23,20
"Arhgef9","ENSMUSG00000025656","X","MGP_CASTEiJ_G0034880","X",3,6,6,9,8,1,1,0,0,0
"Arl13a","ENSMUSG00000052549","X","MGP_CASTEiJ_G0035027","X",0,0,0,0,0,0,0,0,0,0
"Armcx1","ENSMUSG00000033460","X","MGP_CASTEiJ_G0035039","X",44,57,26,62,66,27,31,17,12,18
"Armcx2","ENSMUSG00000033436","X","MGP_CASTEiJ_G0035042","X",4,4,5,12,20,3,2,2,6,9
"Armcx3","ENSMUSG00000049047","X","MGP_CASTEiJ_G0035041","X",37,56,20,53,69,29,36,46,62,39
"Armcx4","ENSMUSG00000049804","X","MGP_CASTEiJ_G0035038","X",7,6,2,3,2,3,5,1,3,0
"Armcx5","ENSMUSG00000072969","X","MGP_CASTEiJ_G0035055","X",29,21,13,18,21,4,1,2,2,0
"Armcx6","ENSMUSG00000050394","X","MGP_CASTEiJ_G0035040","X",0,4,1,2,8,1,5,1,4,5
"Arr3","ENSMUSG00000060890","X","MGP_CASTEiJ_G0034909","X",0,1,1,1,1,0,0,0,0,0
"Arx","ENSMUSG00000035277","X","MGP_CASTEiJ_G0034866","X",0,0,0,0,0,0,0,0,0,0
"Asb11","ENSMUSG00000031382","X","MGP_CASTEiJ_G0035215","X",12,9,4,5,5,0,3,1,2,0
"Asb12","ENSMUSG00000031204","X","MGP_CASTEiJ_G0034882","X",0,0,0,0,0,0,0,0,0,0
"Asb9","ENSMUSG00000031384","X","MGP_CASTEiJ_G0035216","X",0,0,0,0,0,0,0,0,0,0
"Atp11c","ENSMUSG00000062949","X","MGP_CASTEiJ_G0034721","X",100,95,85,75,100,8,7,8,10,10
"Atp1b4","ENSMUSG00000016327","X","MGP_CASTEiJ_G0034627","X",0,0,0,0,0,0,0,0,0,0
"Atp2b3","ENSMUSG00000031376","X","MGP_CASTEiJ_G0034774","X",0,0,1,1,0,0,0,0,0,0
"Atp6ap1","ENSMUSG00000019087","X","MGP_CASTEiJ_G0034801","X",3,5,25,2,5,3,1,5,1,0
"Atp6ap2","ENSMUSG00000031007","X","MGP_CASTEiJ_G0034546","X",613,682,457,669,701,33,47,32,45,49
"Atp7a","ENSMUSG00000033792","X","MGP_CASTEiJ_G0034965","X",56,86,84,113,88,17,20,32,17,8
"Atrx","ENSMUSG00000031229","X","MGP_CASTEiJ_G0034962","X",676,777,665,873,973,142,198,229,192,233
"AU015836","ENSMUSG00000081044","X","MGP_CASTEiJ_G0034870","X",1,0,1,4,1,3,6,5,6,0
"Avpr2","ENSMUSG00000031390","X","MGP_CASTEiJ_G0034787","X",0,0,0,0,0,0,0,0,0,0
"Awat1","ENSMUSG00000015665","X","MGP_CASTEiJ_G0034907","X",0,0,0,0,0,0,0,0,0,0
"Awat2","ENSMUSG00000031220","X","MGP_CASTEiJ_G0034903","X",2,4,4,8,5,0,0,0,0,1
"B230119M05Rik","ENSMUSG00000087024","X","MGP_CASTEiJ_G0015104","X",0,0,0,0,0,0,0,0,0,0
"B630019K06Rik","ENSMUSG00000052364","X","MGP_CASTEiJ_G0034530","X",84,75,46,83,102,6,3,2,5,9
"BC065397","ENSMUSG00000087368","X","MGP_CASTEiJ_G0015110","X",14,16,21,15,19,7,5,4,1,6
"Bcap31","ENSMUSG00000002015","X","MGP_CASTEiJ_G0034778","X",445,564,293,652,709,196,276,192,29,33
"Bcor","ENSMUSG00000040363","X","MGP_CASTEiJ_G0034545","X",222,308,183,365,312,42,39,33,38,53
"Bcorl1","ENSMUSG00000036959","X","MGP_CASTEiJ_G0034655","X",52,52,30,38,40,3,10,7,5,6
"Bex1","ENSMUSG00000050071","X","MGP_CASTEiJ_G0035064","X",13,6,3,66,62,67,99,76,36,54
"Bex2","ENSMUSG00000042750","X","MGP_CASTEiJ_G0035060","X",223,267,338,537,542,25,22,50,43,52
"Bex4","ENSMUSG00000047844","X","MGP_CASTEiJ_G0017657","11",203,141,124,767,693,75,82,79,64,75
"Bgn","ENSMUSG00000031375","X","MGP_CASTEiJ_G0034773","X",54,43,22,24,29,8,2,6,3,0
"Bhlhb9","ENSMUSG00000072964","X","MGP_CASTEiJ_G0035057","X",46,60,58,52,71,5,12,4,3,3
"Bmp15","ENSMUSG00000023279","X","MGP_CASTEiJ_G0034486","X",0,0,0,0,0,0,0,0,0,0
"Bmx","ENSMUSG00000031377","X","MGP_CASTEiJ_G0035211","X",0,0,1,1,1,0,0,0,0,0
"Brcc3","ENSMUSG00000031201","X","MGP_CASTEiJ_G0034825","X",73,81,60,99,108,35,35,22,29,36
"Brs3","ENSMUSG00000031130","X","MGP_CASTEiJ_G0034708","X",0,0,0,0,0,0,0,0,0,0
"Brwd3","ENSMUSG00000063663","X","MGP_CASTEiJ_G0034983","X",170,242,186,275,323,23,27,15,17,29
"Btk","ENSMUSG00000031264","X","MGP_CASTEiJ_G0035035","X",0,0,0,0,0,0,0,0,0,0
"C1galt1c1","ENSMUSG00000048970","X","MGP_CASTEiJ_G0034632","X",4,2,7,1,5,0,0,0,0,0
"C430049B03Rik","ENSMUSG00000087365","X","MGP_CASTEiJ_G0015092","X",2,4,1,2,2,1,3,6,1,2
"Cacna1f","ENSMUSG00000031142","X","MGP_CASTEiJ_G0034496","X",0,0,0,1,1,0,0,0,0,0
"Capn6","ENSMUSG00000067276","X","MGP_CASTEiJ_G0035123","X",7,5,5,9,21,2,0,4,0,6
"Car5b","ENSMUSG00000031373","X","MGP_CASTEiJ_G0035207","X",40,45,30,33,27,16,13,4,8,6
"Cask","ENSMUSG00000031012","X","MGP_CASTEiJ_G0034552","X",361,363,283,389,415,57,62,35,35,44
"Ccdc120","ENSMUSG00000031150","X","MGP_CASTEiJ_G0034505","X",370,467,260,299,288,47,47,37,32,34
"Ccdc160","ENSMUSG00000073207","X","MGP_CASTEiJ_G0034681","X",0,2,0,0,0,0,0,0,0,0
"Ccdc22","ENSMUSG00000031143","X","MGP_CASTEiJ_G0034495","X",0,0,0,0,0,0,0,0,0,0
"Ccnb3","ENSMUSG00000051592","X","MGP_CASTEiJ_G0034489","X",0,0,0,0,0,0,0,0,0,0
"Cd40lg","ENSMUSG00000031132","X","MGP_CASTEiJ_G0034711","X",0,0,0,0,1,0,0,0,0,0
"Cd99l2","ENSMUSG00000035776","X","MGP_CASTEiJ_G0034748","X",292,300,236,304,314,17,24,15,9,7
"Cdk16","ENSMUSG00000031065","X","MGP_CASTEiJ_G0034574","X",200,279,176,247,248,39,36,29,21,23
"Cdkl5","ENSMUSG00000031292","X","MGP_CASTEiJ_G0035192","X",146,243,111,82,104,16,34,30,11,13
"Cdr1","ENSMUSG00000090546","X","MGP_CASTEiJ_G0034724","X",0,0,0,0,0,0,0,0,0,0
"Cdx4","ENSMUSG00000031326","X","MGP_CASTEiJ_G0034945","X",0,0,0,0,0,0,0,0,0,0
"Cenpi","ENSMUSG00000031262","X","MGP_CASTEiJ_G0035030","X",2,0,0,0,0,0,0,0,0,0
"Cetn2","ENSMUSG00000031347","X","MGP_CASTEiJ_G0034761","X",17,21,19,24,18,4,6,3,2,8
"Cfp","ENSMUSG00000001128","X","MGP_CASTEiJ_G0034579","X",17,31,12,21,20,0,5,5,6,5
"Chic1","ENSMUSG00000031327","X","MGP_CASTEiJ_G0034946","X",19,3,4,7,5,0,0,2,0,1
"Chm","ENSMUSG00000025531","X","MGP_CASTEiJ_G0035000","X",57,64,52,54,58,7,9,6,2,4
"Chrdl1","ENSMUSG00000031283","X","MGP_CASTEiJ_G0035121","X",1,0,0,1,1,0,0,0,0,0
"Chst7","ENSMUSG00000037347","X","MGP_CASTEiJ_G0034566","X",4,5,2,1,0,0,0,1,0,0
"Cited1","ENSMUSG00000051159","X","MGP_CASTEiJ_G0034936","X",0,2,1,2,5,0,0,0,1,2
"Clcn5","ENSMUSG00000004317","X","MGP_CASTEiJ_G0034491","X",181,215,104,237,217,38,46,52,28,51
"Cldn2","ENSMUSG00000047230","X","MGP_CASTEiJ_G0035096","X",5,3,1,4,14,0,0,1,1,0
"Cldn34a","ENSMUSG00000091863","X","MGP_CASTEiJ_G0035153","X",0,0,0,0,0,0,0,0,0,0
"Cldn34b4","ENSMUSG00000073085","X","MGP_CASTEiJ_G0034835","X",0,0,0,0,0,0,0,0,0,0
"Cldn34c4","ENSMUSG00000043569","X","MGP_CASTEiJ_G0035016","X",0,0,0,0,0,0,0,0,0,0
"Cldn34d","ENSMUSG00000079525","X","MGP_CASTEiJ_G0034836","X",0,0,0,0,0,0,0,0,0,0
"Cmc4","ENSMUSG00000090110","X","MGP_CASTEiJ_G0034823","X",4,6,1,0,1,0,0,0,0,0
"Cnga2","ENSMUSG00000005864","X","MGP_CASTEiJ_G0034755","X",3,2,4,5,3,2,0,0,0,0
"Cnksr2","ENSMUSG00000025658","X","MGP_CASTEiJ_G0035179","X",0,0,0,0,0,0,0,0,0,0
"Col4a5","ENSMUSG00000031274","X","MGP_CASTEiJ_G0035111","X",399,534,247,264,273,38,77,43,26,29
"Col4a6","ENSMUSG00000031273","X","MGP_CASTEiJ_G0035110","X",83,118,31,33,45,13,15,1,4,3
"Cox7b","ENSMUSG00000031231","X","MGP_CASTEiJ_G0034964","X",3,3,8,3,5,0,0,0,0,1
"Cpxcr1","ENSMUSG00000072995","X","MGP_CASTEiJ_G0035005","X",0,0,0,0,0,0,0,0,0,0
"Cstf2","ENSMUSG00000031256","X","MGP_CASTEiJ_G0035024","X",15,26,20,28,22,0,0,0,0,0
"Ctag2","ENSMUSG00000031181","X","MGP_CASTEiJ_G0034731","X",0,0,0,0,0,0,0,0,0,0
"Ctps2","ENSMUSG00000031360","X","MGP_CASTEiJ_G0035201","X",194,225,157,222,274,19,30,20,18,29
"Cul4b","ENSMUSG00000031095","X","MGP_CASTEiJ_G0034630","X",7,10,7,29,42,37,28,20,7,12
"Cxcr3","ENSMUSG00000050232","X","MGP_CASTEiJ_G0034929","X",0,1,0,1,1,0,0,0,0,0
"Cybb","ENSMUSG00000015340","X","MGP_CASTEiJ_G0034535","X",0,1,0,0,0,0,2,0,0,0
"Cylc1","ENSMUSG00000073001","X","MGP_CASTEiJ_G0034988","X",0,0,0,0,0,0,0,0,0,0
"Cypt1","ENSMUSG00000023257","X","MGP_CASTEiJ_G0034556","X",0,0,0,0,0,0,0,0,0,0
"Cypt14","ENSMUSG00000095240","X","MGP_CASTEiJ_G0034635","X",0,0,0,0,0,0,0,0,0,0
"Cypt15","ENSMUSG00000079619","X","MGP_CASTEiJ_G0034634","X",0,0,0,0,0,0,0,0,0,0
"Cypt2","ENSMUSG00000090132","X","MGP_CASTEiJ_G0034959","X",0,0,0,0,0,0,0,0,0,0
"Cypt3","ENSMUSG00000048573","X","MGP_CASTEiJ_G0034960","X",0,0,0,0,0,0,0,0,0,0
"Cysltr1","ENSMUSG00000052821","X","MGP_CASTEiJ_G0034970","X",0,0,0,0,0,0,0,0,0,0
"Dach2","ENSMUSG00000025592","X","MGP_CASTEiJ_G0035001","X",0,0,0,0,0,0,0,0,0,0
"Dcaf12l1","ENSMUSG00000045284","X","MGP_CASTEiJ_G0034645","X",1,0,0,0,0,3,1,0,0,0
"Dcaf12l2","ENSMUSG00000050926","X","MGP_CASTEiJ_G0034644","X",0,0,0,0,0,0,0,0,0,0
"Dcx","ENSMUSG00000031285","X","MGP_CASTEiJ_G0035124","X",0,0,0,1,2,0,0,0,0,0
"Ddx3x","ENSMUSG00000000787","X","MGP_CASTEiJ_G0034550","X",3670,3876,2818,4433,4947,328,418,464,99,120
"Dgat2l6","ENSMUSG00000067597","X","MGP_CASTEiJ_G0034906","X",0,0,0,0,1,0,0,0,0,0
"Dgkk","ENSMUSG00000062393","X","MGP_CASTEiJ_G0034488","X",0,0,1,0,0,0,0,0,0,0
"Diaph2","ENSMUSG00000034480","X","MGP_CASTEiJ_G0035018","X",29,37,37,83,85,94,94,111,38,33
"Dkc1","ENSMUSG00000031403","X","MGP_CASTEiJ_G0034818","X",44,59,49,74,65,4,7,1,2,5
"Dlg3","ENSMUSG00000000881","X","MGP_CASTEiJ_G0034913","X",134,162,100,123,125,153,161,177,154,171
"Dmrtc1a","ENSMUSG00000031323","X","MGP_CASTEiJ_G0034942","X",0,0,0,0,0,0,0,0,0,0
"Dnase1l1","ENSMUSG00000019088","X","MGP_CASTEiJ_G0034799","X",120,152,81,101,124,8,9,7,8,6
"Dock11","ENSMUSG00000031093","X","MGP_CASTEiJ_G0034594","X",0,0,0,0,0,0,0,0,0,0
"Drp2","ENSMUSG00000000223","X","MGP_CASTEiJ_G0035031","X",5,0,0,1,6,0,0,0,0,1
"Dusp21","ENSMUSG00000025043","X","MGP_CASTEiJ_G0034563","X",0,0,0,0,0,0,0,0,0,0
"Dusp9","ENSMUSG00000031383","X","MGP_CASTEiJ_G0034775","X",8,6,1,7,7,2,0,4,4,3
"Dynlt3","ENSMUSG00000031176","X","MGP_CASTEiJ_G0034536","X",742,807,507,868,970,45,42,34,27,29
"Ebp","ENSMUSG00000031168","X","MGP_CASTEiJ_G0034526","X",163,257,84,199,242,17,36,19,20,27
"Eda","ENSMUSG00000059327","X","MGP_CASTEiJ_G0034902","X",10,16,10,12,13,2,9,1,0,7
"Eda2r","ENSMUSG00000034457","X","MGP_CASTEiJ_G0034894","X",0,2,0,0,0,1,0,0,0,0
"Efhc2","ENSMUSG00000025038","X","MGP_CASTEiJ_G0034561","X",0,0,0,0,1,0,0,0,0,0
"Efnb1","ENSMUSG00000031217","X","MGP_CASTEiJ_G0034899","X",456,550,298,390,356,32,24,24,34,22
"Egfl6","ENSMUSG00000000402","X","MGP_CASTEiJ_G0035226","X",5167,5591,4291,6713,7354,584,698,693,676,913
"Eif1ax","ENSMUSG00000067194","X","MGP_CASTEiJ_G0035182","X",381,473,266,338,378,69,38,54,47,74
"Eif2c5","ENSMUSG00000085146","X","MGP_CASTEiJ_G0007388","X",0,0,0,0,1,0,0,0,0,0
"Eif2s3x","ENSMUSG00000035150","X","MGP_CASTEiJ_G0034872","X",50,65,65,66,51,125,142,106,48,60
"Elf4","ENSMUSG00000031103","X","MGP_CASTEiJ_G0034656","X",44,54,24,20,40,17,19,7,4,6
"Elk1","ENSMUSG00000009406","X","MGP_CASTEiJ_G0034580","X",47,51,41,44,53,11,17,18,12,17
"Emd","ENSMUSG00000001964","X","MGP_CASTEiJ_G0034797","X",67,81,64,58,60,18,18,15,14,17
"Enox2","ENSMUSG00000031109","X","MGP_CASTEiJ_G0034664","X",54,72,29,56,50,6,3,6,3,13
"Eras","ENSMUSG00000031160","X","MGP_CASTEiJ_G0034517","X",0,1,1,3,6,0,0,0,1,1
"Ercc6l","ENSMUSG00000051220","X","MGP_CASTEiJ_G0034934","X",4,4,1,3,8,0,0,1,2,3
"Esx1","ENSMUSG00000023443","X","MGP_CASTEiJ_G0035082","X",0,0,1,2,2,0,0,0,0,1
"Etd","ENSMUSG00000060967","X","MGP_CASTEiJ_G0034688","X",0,0,0,0,0,0,0,0,0,0
"F630028O10Rik","ENSMUSG00000078122","X","MGP_CASTEiJ_G0004606","X",0,0,0,0,2,0,0,0,0,0
"F8","ENSMUSG00000031196","X","MGP_CASTEiJ_G0034821","X",1,3,6,11,5,3,0,0,0,1
"F8a","ENSMUSG00000078317","X","MGP_CASTEiJ_G0034768","X",21,35,21,22,25,3,3,3,0,1
"F9","ENSMUSG00000031138","X","MGP_CASTEiJ_G0034719","X",0,0,0,0,0,0,0,0,0,0
"Fam120c","ENSMUSG00000025262","X","MGP_CASTEiJ_G0035143","X",31,38,24,29,20,4,1,7,10,4
"Fam122b","ENSMUSG00000036022","X","MGP_CASTEiJ_G0034685","X",13,16,17,9,13,1,2,2,3,0
"Fam122c","ENSMUSG00000036013","X","MGP_CASTEiJ_G0034686","X",0,0,0,0,0,0,0,0,0,0
"Fam199x","ENSMUSG00000042595","X","MGP_CASTEiJ_G0035081","X",144,113,97,98,97,25,27,31,28,34
"Fam3a","ENSMUSG00000031399","X","MGP_CASTEiJ_G0034808","X",153,182,115,198,251,45,67,48,18,8
"Fam47c","ENSMUSG00000078315","X","MGP_CASTEiJ_G0034845","X",0,0,0,0,0,0,0,0,0,0
"Fam50a","ENSMUSG00000001962","X","MGP_CASTEiJ_G0034803","X",23,35,21,29,29,154,174,122,145,167
"Fam90a1b","ENSMUSG00000043549","X","MGP_CASTEiJ_G0034874","X",0,0,0,0,0,0,0,0,0,1
"Fancb","ENSMUSG00000047757","X","MGP_CASTEiJ_G0035218","X",13,15,12,30,38,9,6,4,5,11
"Fate1","ENSMUSG00000053593","X","MGP_CASTEiJ_G0034754","X",1,0,0,2,2,0,0,0,0,2
"Fgd1","ENSMUSG00000025265","X","MGP_CASTEiJ_G0035140","X",5,12,12,11,20,3,1,0,3,0
"Fgf13","ENSMUSG00000031137","X","MGP_CASTEiJ_G0034718","X",0,0,0,0,0,0,0,0,0,0
"Fgf16","ENSMUSG00000031230","X","MGP_CASTEiJ_G0034961","X",0,0,0,0,0,0,0,0,0,0
"Fhl1","ENSMUSG00000023092","X","MGP_CASTEiJ_G0034705","X",70,123,35,12,17,14,19,9,8,6
"Flna","ENSMUSG00000031328","X","MGP_CASTEiJ_G0034796","X",1128,1292,947,1813,1746,170,214,196,204,223
"Fmr1","ENSMUSG00000000838","X","MGP_CASTEiJ_G0034736","X",154,158,159,159,183,31,42,46,28,55
"Fmr1nb","ENSMUSG00000062170","X","MGP_CASTEiJ_G0034737","X",0,0,0,0,1,0,0,0,0,0
"Foxo4","ENSMUSG00000042903","X","MGP_CASTEiJ_G0034917","X",178,248,145,226,277,18,26,12,33,23
"Foxp3","ENSMUSG00000039521","X","MGP_CASTEiJ_G0034494","X",0,5,3,0,2,4,0,0,0,0
"Foxr2","ENSMUSG00000071665","X","MGP_CASTEiJ_G0035158","X",0,0,0,0,0,0,0,0,0,0
"Frmpd3","ENSMUSG00000042425","X","MGP_CASTEiJ_G0035101","X",0,0,0,0,0,0,0,0,0,0
"Frmpd4","ENSMUSG00000049176","X","MGP_CASTEiJ_G0035231","X",0,0,0,0,0,0,0,0,0,0
"Fthl17a","ENSMUSG00000035491","X","MGP_CASTEiJ_G0034852","X",0,0,0,0,0,0,0,0,0,0
"Ftsj1","ENSMUSG00000031171","X","MGP_CASTEiJ_G0034528","X",171,194,131,148,166,26,24,29,21,27
"Ftx","ENSMUSG00000086370","X","MGP_CASTEiJ_G0007378","X",42,36,34,31,54,22,17,16,4,16
"Fundc1","ENSMUSG00000025040","X","MGP_CASTEiJ_G0034562","X",82,66,36,63,76,0,0,0,0,0
"Fundc2","ENSMUSG00000031198","X","MGP_CASTEiJ_G0034822","X",1,5,13,14,10,17,16,16,16,22
"G6pdx","ENSMUSG00000031400","X","MGP_CASTEiJ_G0034810","X",189,227,140,191,253,34,27,27,25,15
"Gabra3","ENSMUSG00000031343","X","MGP_CASTEiJ_G0034759","X",0,0,0,0,0,0,0,0,0,0
"Gabre","ENSMUSG00000031340","X","MGP_CASTEiJ_G0034757","X",14,15,15,73,109,15,6,16,5,8
"Gabrq","ENSMUSG00000031344","X","MGP_CASTEiJ_G0034760","X",5,1,1,2,0,1,0,0,0,0
"Gata1","ENSMUSG00000031162","X","MGP_CASTEiJ_G0034519","X",0,0,0,0,0,0,0,0,0,0
"Gdi1","ENSMUSG00000015291","X","MGP_CASTEiJ_G0034802","X",287,350,242,203,271,105,149,83,107,115
"Gdpd2","ENSMUSG00000019359","X","MGP_CASTEiJ_G0034912","X",149,81,32,61,66,17,14,4,9,17
"Gemin8","ENSMUSG00000040621","X","MGP_CASTEiJ_G0035220","X",41,54,32,58,58,24,22,21,17,36
"Gja6","ENSMUSG00000055691","X","MGP_CASTEiJ_G0035193","X",1,0,0,0,0,0,0,0,0,0
"Gjb1","ENSMUSG00000047797","X","MGP_CASTEiJ_G0034923","X",33,17,31,13,20,4,2,2,0,1
"Gk","ENSMUSG00000025059","X","MGP_CASTEiJ_G0034854","X",373,375,298,688,769,33,50,50,33,41
"Gla","ENSMUSG00000031266","X","MGP_CASTEiJ_G0035037","X",0,2,0,14,27,40,46,30,61,51
"Glod5","ENSMUSG00000031163","X","MGP_CASTEiJ_G0034520","X",0,0,0,0,0,0,0,0,0,0
"Glra2","ENSMUSG00000018589","X","MGP_CASTEiJ_G0035219","X",0,0,0,0,0,0,0,0,0,0
"Glra4","ENSMUSG00000018595","X","MGP_CASTEiJ_G0035071","X",0,0,1,1,0,0,0,0,0,0
"Gm10112","ENSMUSG00000062226","X","MGP_CASTEiJ_G0034989","X",0,0,0,0,0,0,0,0,0,0
"Gm10477","ENSMUSG00000073173","X","MGP_CASTEiJ_G0034701","X",0,1,0,0,2,0,0,0,0,1
"Gm1141","ENSMUSG00000073130","X","MGP_CASTEiJ_G0034752","X",1,2,2,0,0,0,0,0,0,1
"Gm14379","ENSMUSG00000087252","X","MGP_CASTEiJ_G0015080","X",1,0,0,1,2,0,0,0,0,4
"Gm14493","ENSMUSG00000085587","X","MGP_CASTEiJ_G0004585","X",0,0,0,0,0,0,0,0,0,0
"Gm14549","ENSMUSG00000084990","X","MGP_CASTEiJ_G0004586","X",1,0,0,0,1,0,0,0,0,0
"Gm14565","ENSMUSG00000085635","X","MGP_CASTEiJ_G0007357","X",0,0,0,0,0,0,0,0,0,0
"Gm14569","ENSMUSG00000091556","X","MGP_CASTEiJ_G0034599","X",0,1,2,4,2,0,0,0,0,0
"Gm14582","ENSMUSG00000086704","X","MGP_CASTEiJ_G0004590","X",0,0,0,0,0,0,0,0,0,0
"Gm14634","ENSMUSG00000085891","X","MGP_CASTEiJ_G0015085","X",0,1,1,6,0,0,0,0,0,0
"Gm14635","ENSMUSG00000087591","X","MGP_CASTEiJ_G0007347","X",0,0,0,0,0,0,0,0,0,0
"Gm14636","ENSMUSG00000073274","X","MGP_CASTEiJ_G0015087","X",1,2,1,1,4,0,0,1,1,8
"Gm14662","ENSMUSG00000087565","X","MGP_CASTEiJ_G0004595","X",0,0,0,0,0,0,0,0,0,0
"Gm14664","ENSMUSG00000087401","X","MGP_CASTEiJ_G0007361","X",0,0,0,0,0,0,0,0,0,0
"Gm14684","ENSMUSG00000084944","X","MGP_CASTEiJ_G0007365","X",0,0,0,0,0,0,0,0,0,0
"Gm14696","ENSMUSG00000087369","X","MGP_CASTEiJ_G0007358","X",0,0,0,0,0,0,0,0,0,0
"Gm14697","ENSMUSG00000086948","X","MGP_CASTEiJ_G0004589","X",0,0,0,0,0,0,0,0,0,0
"Gm14703","ENSMUSG00000087644","X","MGP_CASTEiJ_G0004582","X",0,0,0,1,0,0,0,0,0,0
"Gm14705","ENSMUSG00000086676","X","MGP_CASTEiJ_G0004596","X",0,0,0,0,0,0,0,0,0,0
"Gm14707","ENSMUSG00000086104","X","MGP_CASTEiJ_G0004602","X",0,0,0,0,0,0,0,0,0,0
"Gm14715","ENSMUSG00000085598","X","MGP_CASTEiJ_G0007366","X",0,0,0,0,0,0,0,0,0,0
"Gm14718","ENSMUSG00000085808","X","MGP_CASTEiJ_G0004593","X",0,0,0,0,0,0,0,0,0,0
"Gm14762","ENSMUSG00000078314","X","MGP_CASTEiJ_G0007368","X",0,1,0,0,0,0,0,0,0,0
"Gm14764","ENSMUSG00000087232","X","MGP_CASTEiJ_G0004603","X",0,0,0,1,0,0,0,0,0,0
"Gm14773","ENSMUSG00000059972","X","MGP_CASTEiJ_G0007369","X",0,0,0,0,0,0,0,0,0,0
"Gm14798","ENSMUSG00000087640","X","MGP_CASTEiJ_G0004604","X",0,0,0,0,0,0,0,0,0,0
"Gm14808","ENSMUSG00000085553","X","MGP_CASTEiJ_G0004607","X",0,0,0,0,0,0,0,0,0,0
"Gm14809","ENSMUSG00000085053","X","MGP_CASTEiJ_G0007374","X",0,0,0,0,0,0,0,1,0,0
"Gm14812","ENSMUSG00000073051","X","MGP_CASTEiJ_G0007373","X",0,0,0,0,0,0,0,0,0,0
"Gm14817","ENSMUSG00000085669","X","MGP_CASTEiJ_G0015096","X",0,0,0,0,0,0,0,0,0,0
"Gm14820","ENSMUSG00000087193","X","MGP_CASTEiJ_G0004583","X",0,0,0,2,1,0,0,0,0,0
"Gm14858","ENSMUSG00000085568","X","MGP_CASTEiJ_G0015100","X",0,2,0,0,0,0,0,0,0,1
"Gm14862","ENSMUSG00000079694","X","MGP_CASTEiJ_G0034533","X",0,0,0,0,0,0,0,0,0,0
"Gm14866","ENSMUSG00000085314","X","MGP_CASTEiJ_G0015098","X",1,0,1,0,0,0,0,0,0,0
"Gm14902","ENSMUSG00000086736","X","MGP_CASTEiJ_G0007375","X",0,0,0,0,0,0,0,0,0,0
"Gm14929","ENSMUSG00000086431","X","MGP_CASTEiJ_G0007384","X",0,0,0,0,0,0,0,0,0,0
"Gm14936","ENSMUSG00000084963","X","MGP_CASTEiJ_G0007381","X",0,0,0,0,0,0,0,0,0,0
"Gm15008","ENSMUSG00000087155","X","MGP_CASTEiJ_G0004587","X",0,0,0,0,0,0,0,0,0,0
"Gm15046","ENSMUSG00000086441","X","MGP_CASTEiJ_G0007387","X",0,0,0,0,0,0,0,0,0,0
"Gm15063","ENSMUSG00000086937","X","MGP_CASTEiJ_G0004601","X",0,0,0,0,0,0,0,0,0,0
"Gm15138","ENSMUSG00000086286","X","MGP_CASTEiJ_G0007392","X",0,0,0,0,0,0,0,0,0,0
"Gm15156","ENSMUSG00000084932","X","MGP_CASTEiJ_G0004614","X",0,0,0,0,0,0,0,0,0,0
"Gm15169","ENSMUSG00000086188","X","MGP_CASTEiJ_G0004615","X",0,0,0,0,0,0,0,0,0,0
"Gm15201","ENSMUSG00000086034","X","MGP_CASTEiJ_G0015114","X",0,0,0,2,4,0,0,0,0,0
"Gm15202","ENSMUSG00000087571","X","MGP_CASTEiJ_G0004618","X",0,0,0,0,0,0,0,0,0,0
"Gm15226","ENSMUSG00000087677","X","MGP_CASTEiJ_G0007396","X",0,0,0,0,0,0,0,0,0,0
"Gm15228","ENSMUSG00000087340","X","MGP_CASTEiJ_G0007401","X",0,1,0,0,2,1,0,0,0,0
"Gm15230","ENSMUSG00000084920","X","MGP_CASTEiJ_G0007398","X",2,15,3,1,3,0,0,2,2,0
"Gm15232","ENSMUSG00000084806","X","MGP_CASTEiJ_G0007400","X",0,0,3,0,0,0,0,0,0,0
"Gm15239","ENSMUSG00000086258","X","MGP_CASTEiJ_G0004619","X",0,0,0,0,0,0,0,0,0,0
"Gm15241","ENSMUSG00000087505","X","MGP_CASTEiJ_G0004616","X",0,0,0,0,0,0,0,0,0,0
"Gm15243","ENSMUSG00000085695","X","MGP_CASTEiJ_G0004617","X",0,0,0,0,0,0,0,0,0,0
"Gm15245","ENSMUSG00000087587","X","MGP_CASTEiJ_G0007402","X",0,0,0,0,0,0,0,0,0,0
"Gm15246","ENSMUSG00000087159","X","MGP_CASTEiJ_G0015115","X",0,0,0,0,0,0,0,0,0,0
"Gm15261","ENSMUSG00000087201","X","MGP_CASTEiJ_G0004620","X",0,0,2,1,0,0,0,1,0,0
"Gm15295","ENSMUSG00000086426","X","MGP_CASTEiJ_G0004611","X",0,0,0,0,0,0,0,0,0,0
"Gm15384","ENSMUSG00000086573","X","MGP_CASTEiJ_G0004600","X",0,0,0,0,0,0,0,0,0,0
"Gm16189","ENSMUSG00000085284","X","MGP_CASTEiJ_G0004598","X",0,0,0,0,0,0,0,0,0,0
"Gm1720","ENSMUSG00000086860","X","MGP_CASTEiJ_G0007397","X",0,2,2,4,2,0,0,0,0,0
"Gm20489","ENSMUSG00000092463","X","MGP_CASTEiJ_G0034919","X",0,0,0,0,0,0,0,0,0,1
"Gm21986","ENSMUSG00000096056","X","MGP_CASTEiJ_G0015099","X",5,7,3,8,3,0,0,1,1,0
"Gm22023","ENSMUSG00000077542","X","MGP_CASTEiJ_G0038390","X",0,0,0,0,0,0,0,0,0,0
"Gm22090","ENSMUSG00000088960","X","MGP_CASTEiJ_G0037122","X",0,0,0,0,0,0,0,0,0,0
"Gm22139","ENSMUSG00000089372","X","MGP_CASTEiJ_G0037133","X",0,0,0,0,0,0,0,0,0,0
"Gm22248","ENSMUSG00000064416","X","MGP_CASTEiJ_G0037144","X",0,0,0,0,0,0,0,0,0,0
"Gm22266","ENSMUSG00000077199","X","MGP_CASTEiJ_G0038361","X",0,0,0,0,0,0,0,0,0,0
"Gm22332","ENSMUSG00000088697","X","MGP_CASTEiJ_G0038344","X",0,0,0,0,0,0,0,0,0,0
"Gm22359","ENSMUSG00000064818","X","MGP_CASTEiJ_G0037147","X",0,0,0,0,0,0,0,0,0,0
"Gm22364","ENSMUSG00000065031","X","MGP_CASTEiJ_G0037095","X",0,0,0,0,0,0,0,0,0,0
"Gm22430","ENSMUSG00000089171","X","MGP_CASTEiJ_G0038362","X",0,0,0,0,0,0,0,0,0,0
"Gm22472","ENSMUSG00000077303","X","MGP_CASTEiJ_G0037119","X",0,0,0,0,0,0,0,0,0,0
"Gm22522","ENSMUSG00000088896","X","MGP_CASTEiJ_G0038387","X",0,0,0,0,0,0,0,0,0,0
"Gm22539","ENSMUSG00000088792","X","MGP_CASTEiJ_G0038341","X",0,0,0,0,0,0,0,0,0,0
"Gm22590","ENSMUSG00000077435","X","MGP_CASTEiJ_G0038366","X",0,0,0,0,0,0,0,0,0,0
"Gm22592","ENSMUSG00000077430","X","MGP_CASTEiJ_G0038338","X",0,0,0,0,0,0,0,0,0,0
"Gm22686","ENSMUSG00000064781","X","MGP_CASTEiJ_G0037115","X",0,0,0,0,0,0,0,0,0,0
"Gm22783","ENSMUSG00000077277","X","MGP_CASTEiJ_G0037088","X",0,0,0,0,0,0,0,0,0,0
"Gm22785","ENSMUSG00000077275","X","MGP_CASTEiJ_G0038346","X",0,0,0,0,0,0,0,0,0,0
"Gm23000","ENSMUSG00000087708","X","MGP_CASTEiJ_G0037110","X",0,0,0,0,0,0,0,0,0,0
"Gm23082","ENSMUSG00000088477","X","MGP_CASTEiJ_G0038337","X",0,0,0,0,0,0,0,0,0,0
"Gm23124","ENSMUSG00000088275","X","MGP_CASTEiJ_G0037136","X",0,0,0,0,0,0,0,0,0,0
"Gm23199","ENSMUSG00000089437","X","MGP_CASTEiJ_G0037139","X",0,0,0,0,0,0,0,0,0,0
"Gm23258","ENSMUSG00000088944","X","MGP_CASTEiJ_G0037104","X",0,0,0,0,0,0,0,0,0,0
"Gm23277","ENSMUSG00000088539","X","MGP_CASTEiJ_G0038367","X",0,0,0,0,0,0,0,0,0,0
"Gm23280","ENSMUSG00000088530","X","MGP_CASTEiJ_G0038353","X",0,0,0,0,0,0,0,0,0,0
"Gm23320","ENSMUSG00000077650","X","MGP_CASTEiJ_G0038352","X",0,0,0,0,0,0,0,0,0,0
"Gm23322","ENSMUSG00000077652","X","MGP_CASTEiJ_G0037127","X",0,0,0,0,0,0,0,0,0,0
"Gm23325","ENSMUSG00000088047","X","MGP_CASTEiJ_G0038378","X",0,0,0,0,0,0,0,0,0,0
"Gm23378","ENSMUSG00000064876","X","MGP_CASTEiJ_G0037121","X",0,0,0,0,0,0,0,0,0,0
"Gm23404","ENSMUSG00000064477","X","MGP_CASTEiJ_G0038384","X",0,0,0,0,0,0,0,0,0,0
"Gm23454","ENSMUSG00000065266","X","MGP_CASTEiJ_G0038358","X",0,0,0,0,0,0,0,0,0,0
"Gm23557","ENSMUSG00000088445","X","MGP_CASTEiJ_G0035706","X",0,0,0,0,0,0,0,0,0,0
"Gm23586","ENSMUSG00000088282","X","MGP_CASTEiJ_G0038368","X",0,0,0,0,0,0,0,0,0,0
"Gm23613","ENSMUSG00000064530","X","MGP_CASTEiJ_G0038339","X",0,0,0,0,0,0,0,0,0,0
"Gm23615","ENSMUSG00000064536","X","MGP_CASTEiJ_G0038348","X",0,0,0,1,0,0,0,0,0,0
"Gm23628","ENSMUSG00000064398","X","MGP_CASTEiJ_G0037090","X",0,0,0,0,0,0,0,0,0,0
"Gm23656","ENSMUSG00000084575","X","MGP_CASTEiJ_G0037124","X",0,0,0,0,0,0,0,0,0,0
"Gm23768","ENSMUSG00000077628","X","MGP_CASTEiJ_G0038371","X",0,0,0,0,0,0,0,0,0,0
"Gm23786","ENSMUSG00000104536","X","MGP_CASTEiJ_G0038388","X",0,0,0,0,0,0,0,0,0,0
"Gm23958","ENSMUSG00000087832","X","MGP_CASTEiJ_G0037138","X",0,0,0,0,0,0,0,0,0,0
"Gm23985","ENSMUSG00000087765","X","MGP_CASTEiJ_G0038363","X",0,0,0,0,0,0,0,0,0,0
"Gm24038","ENSMUSG00000064806","X","MGP_CASTEiJ_G0037100","X",0,0,0,0,0,0,0,0,0,0
"Gm24061","ENSMUSG00000088114","X","MGP_CASTEiJ_G0038360","X",0,0,0,0,0,0,0,0,0,0
"Gm24123","ENSMUSG00000077294","X","MGP_CASTEiJ_G0038357","X",0,0,0,0,0,0,0,1,1,1
"Gm24281","ENSMUSG00000077422","X","MGP_CASTEiJ_G0038386","X",0,0,0,0,2,0,0,0,0,0
"Gm24460","ENSMUSG00000064665","X","MGP_CASTEiJ_G0038382","X",0,0,0,0,0,0,0,0,0,0
"Gm24470","ENSMUSG00000077674","X","MGP_CASTEiJ_G0038356","X",0,0,0,0,0,0,0,0,0,0
"Gm24491","ENSMUSG00000065733","X","MGP_CASTEiJ_G0037126","X",0,0,0,0,0,0,0,0,0,0
"Gm24522","ENSMUSG00000065898","X","MGP_CASTEiJ_G0037135","X",0,0,0,0,0,0,0,0,0,0
"Gm24595","ENSMUSG00000084450","X","MGP_CASTEiJ_G0038359","X",0,0,0,0,0,0,0,0,0,0
"Gm24622","ENSMUSG00000064553","X","MGP_CASTEiJ_G0037125","X",0,0,0,0,0,0,0,0,0,0
"Gm24624","ENSMUSG00000064551","X","MGP_CASTEiJ_G0037132","X",0,0,0,0,0,0,0,0,0,0
"Gm24687","ENSMUSG00000088383","X","MGP_CASTEiJ_G0035658","X",0,0,0,0,0,0,0,0,0,0
"Gm24718","ENSMUSG00000088146","X","MGP_CASTEiJ_G0035707","X",0,0,0,0,0,0,0,0,0,0
"Gm24763","ENSMUSG00000065622","X","MGP_CASTEiJ_G0037098","X",0,0,0,0,0,0,0,0,0,0
"Gm24809","ENSMUSG00000093059","X","MGP_CASTEiJ_G0009611","X",0,0,0,0,0,0,0,0,0,0
"Gm24812","ENSMUSG00000093056","X","MGP_CASTEiJ_G0009618","X",0,0,0,0,0,0,0,0,0,0
"Gm24831","ENSMUSG00000080428","X","MGP_CASTEiJ_G0037130","X",0,0,0,0,0,0,0,0,0,0
"Gm24907","ENSMUSG00000080582","X","MGP_CASTEiJ_G0038381","X",0,1,1,3,2,0,0,0,0,1
"Gm25006","ENSMUSG00000065747","X","MGP_CASTEiJ_G0037116","X",0,0,0,0,0,0,0,0,0,0
"Gm25097","ENSMUSG00000077230","X","MGP_CASTEiJ_G0037140","X",0,0,0,0,0,0,0,0,0,0
"Gm25107","ENSMUSG00000084421","X","MGP_CASTEiJ_G0038380","X",0,0,0,0,0,0,0,0,0,0
"Gm25170","ENSMUSG00000077379","X","MGP_CASTEiJ_G0038370","X",0,0,0,0,0,0,0,0,0,0
"Gm25202","ENSMUSG00000064772","X","MGP_CASTEiJ_G0037086","X",0,0,0,0,0,0,0,0,0,0
"Gm25226","ENSMUSG00000088823","X","MGP_CASTEiJ_G0038347","X",0,0,0,0,1,0,0,0,0,0
"Gm25421","ENSMUSG00000077406","X","MGP_CASTEiJ_G0037113","X",0,0,0,0,0,0,0,0,0,0
"Gm25429","ENSMUSG00000088232","X","MGP_CASTEiJ_G0038383","X",0,0,0,0,0,0,0,0,0,0
"Gm25481","ENSMUSG00000065155","X","MGP_CASTEiJ_G0037083","X",0,0,0,0,0,0,0,0,0,0
"Gm25520","ENSMUSG00000089014","X","MGP_CASTEiJ_G0038351","X",0,0,0,0,0,0,0,0,0,0
"Gm25552","ENSMUSG00000088706","X","MGP_CASTEiJ_G0037085","X",0,0,0,0,0,0,0,0,0,0
"Gm25624","ENSMUSG00000087847","X","MGP_CASTEiJ_G0035705","X",0,0,0,0,0,0,0,0,0,0
"Gm25651","ENSMUSG00000065716","X","MGP_CASTEiJ_G0038392","X",0,0,0,0,0,0,0,0,0,0
"Gm25770","ENSMUSG00000089191","X","MGP_CASTEiJ_G0038375","X",0,0,0,2,0,0,0,0,0,0
"Gm25795","ENSMUSG00000077609","X","MGP_CASTEiJ_G0038385","X",0,0,0,0,0,0,0,0,0,0
"Gm25812","ENSMUSG00000064685","X","MGP_CASTEiJ_G0037092","X",0,0,0,0,0,0,0,0,0,0
"Gm25828","ENSMUSG00000087712","X","MGP_CASTEiJ_G0037120","X",0,0,0,0,0,0,0,0,0,0
"Gm25895","ENSMUSG00000065648","X","MGP_CASTEiJ_G0037146","X",0,0,0,0,0,0,0,0,0,0
"Gm25915","ENSMUSG00000077453","X","MGP_CASTEiJ_G0038377","X",0,0,0,0,0,0,0,0,0,0
"Gm26000","ENSMUSG00000088616","X","MGP_CASTEiJ_G0037118","X",0,0,0,0,0,0,0,0,0,0
"Gm26007","ENSMUSG00000089423","X","MGP_CASTEiJ_G0037152","X",0,0,0,0,0,0,0,0,0,0
"Gm26020","ENSMUSG00000084678","X","MGP_CASTEiJ_G0037123","X",0,0,0,0,0,0,0,0,0,0
"Gm26029","ENSMUSG00000089284","X","MGP_CASTEiJ_G0038369","X",0,0,0,0,0,0,0,0,0,0
"Gm26099","ENSMUSG00000087873","X","MGP_CASTEiJ_G0037096","X",0,0,0,0,0,0,0,0,0,0
"Gm26108","ENSMUSG00000065907","X","MGP_CASTEiJ_G0037129","X",0,0,0,0,0,0,0,0,0,0
"Gm26111","ENSMUSG00000065903","X","MGP_CASTEiJ_G0037109","X",0,0,0,0,0,0,0,0,0,0
"Gm26131","ENSMUSG00000064659","X","MGP_CASTEiJ_G0037093","X",0,0,0,0,0,0,0,0,0,0
"Gm26174","ENSMUSG00000089040","X","MGP_CASTEiJ_G0035657","X",0,0,0,0,0,0,0,0,0,0
"Gm26182","ENSMUSG00000088313","X","MGP_CASTEiJ_G0038365","X",0,0,0,0,0,0,0,0,0,0
"Gm26276","ENSMUSG00000087724","X","MGP_CASTEiJ_G0038343","X",0,0,0,0,0,0,0,0,0,0
"Gm26312","ENSMUSG00000088394","X","MGP_CASTEiJ_G0037103","X",0,0,0,0,0,0,0,0,0,0
"Gm26314","ENSMUSG00000065825","X","MGP_CASTEiJ_G0037084","X",0,0,0,0,0,0,0,0,0,0
"Gm26351","ENSMUSG00000088157","X","MGP_CASTEiJ_G0035656","X",0,0,0,0,0,0,0,0,0,0
"Gm26368","ENSMUSG00000088451","X","MGP_CASTEiJ_G0038391","X",0,0,0,0,0,0,0,0,0,0
"Gm26401","ENSMUSG00000089127","X","MGP_CASTEiJ_G0038336","X",0,0,0,0,0,0,0,0,0,0
"Gm26417","ENSMUSG00000077462","X","MGP_CASTEiJ_G0038350","X",0,0,0,0,0,0,0,0,0,0
"Gm26437","ENSMUSG00000064529","X","MGP_CASTEiJ_G0037097","X",0,0,0,0,0,0,0,0,0,0
"Gm26441","ENSMUSG00000064524","X","MGP_CASTEiJ_G0037143","X",0,0,0,0,0,0,0,0,0,0
"Gm26487","ENSMUSG00000088647","X","MGP_CASTEiJ_G0037107","X",0,0,0,0,0,0,0,0,0,0
"Gm26618","ENSMUSG00000097342","X","MGP_CASTEiJ_G0035972","X",0,0,0,0,0,0,0,0,0,0
"Gm26726","ENSMUSG00000097110","X","MGP_CASTEiJ_G0004599","X",0,0,0,0,0,0,0,0,0,0
"Gm26952","ENSMUSG00000097953","X","MGP_CASTEiJ_G0004609","X",0,0,0,0,0,0,0,0,0,0
"Gm26992","ENSMUSG00000098078","X","MGP_CASTEiJ_G0034948","X",0,0,0,0,0,0,0,0,0,0
"Gm27191","ENSMUSG00000098311","X","MGP_CASTEiJ_G0007391","X",0,0,0,0,0,0,0,0,0,0
"Gm27414","ENSMUSG00000098405","X","MGP_CASTEiJ_G0035708","X",0,0,0,0,0,0,0,0,0,0
"Gm28269","ENSMUSG00000101818","X","MGP_CASTEiJ_G0034589","X",2,1,4,11,23,0,0,0,3,1
"Gm28579","ENSMUSG00000100780","X","MGP_CASTEiJ_G0007383","X",0,0,0,0,0,0,0,0,0,0
"Gm28730","ENSMUSG00000101603","X","MGP_CASTEiJ_G0007359","X",1,2,3,3,0,0,0,0,0,0
"Gm36995","ENSMUSG00000103436","X","MGP_CASTEiJ_G0015082","X",0,4,0,0,0,0,0,1,0,1
"Gm379","ENSMUSG00000093916","X","MGP_CASTEiJ_G0034982","X",0,0,0,0,0,0,0,0,0,0
"Gm382","ENSMUSG00000062791","X","MGP_CASTEiJ_G0035014","X",0,0,0,0,0,0,0,0,0,0
"Gm5127","ENSMUSG00000073010","X","MGP_CASTEiJ_G0034971","X",0,0,0,0,0,0,0,0,0,0
"Gm5938","ENSMUSG00000079521","X","MGP_CASTEiJ_G0034840","X",0,0,0,0,0,0,0,0,0,0
"Gm5941","ENSMUSG00000071726","X","MGP_CASTEiJ_G0034885","X",0,0,0,0,0,0,0,0,0,0
"Gm614","ENSMUSG00000090141","X","MGP_CASTEiJ_G0034918","X",0,0,0,2,0,0,0,0,0,0
"Gm6377","ENSMUSG00000048621","X","MGP_CASTEiJ_G0034986","X",2,0,0,4,6,0,1,0,1,1
"Gm648","ENSMUSG00000064016","X","MGP_CASTEiJ_G0034702","X",0,0,0,3,0,0,0,0,0,0
"Gm6760","ENSMUSG00000079579","X","MGP_CASTEiJ_G0034728","X",0,0,0,0,0,0,0,0,0,0
"Gm6787","ENSMUSG00000086404","X","MGP_CASTEiJ_G0015084","X",0,0,0,1,0,0,0,0,0,1
"Gm6938","ENSMUSG00000087586","X","MGP_CASTEiJ_G0007353","X",0,0,0,0,0,0,0,0,0,0
"Gm7073","ENSMUSG00000079583","X","MGP_CASTEiJ_G0034722","X",0,0,0,0,0,0,0,0,0,0
"Gm7598","ENSMUSG00000087390","X","MGP_CASTEiJ_G0007356","X",1,3,3,0,4,0,0,0,1,0
"Gm773","ENSMUSG00000073177","X","MGP_CASTEiJ_G0034698","X",0,0,0,0,0,1,0,1,0,0
"Gm8817","ENSMUSG00000086008","X","MGP_CASTEiJ_G0007399","X",0,0,0,0,0,0,0,0,0,0
"Gm9","ENSMUSG00000073243","X","MGP_CASTEiJ_G0034614","X",0,0,0,0,0,0,0,0,0,0
"Gnl3l","ENSMUSG00000025266","X","MGP_CASTEiJ_G0035139","X",62,74,50,44,51,18,28,15,31,26
"Gpc3","ENSMUSG00000055653","X","MGP_CASTEiJ_G0034680","X",26,25,25,18,24,6,0,1,2,4
"Gpc4","ENSMUSG00000031119","X","MGP_CASTEiJ_G0034679","X",90,90,67,118,128,26,27,48,16,22
"Gpkow","ENSMUSG00000031148","X","MGP_CASTEiJ_G0034502","X",322,450,243,363,370,46,75,47,44,58
"Gpm6b","ENSMUSG00000031342","X","MGP_CASTEiJ_G0035221","X",62,66,54,83,83,16,24,17,25,29
"Gpr101","ENSMUSG00000036357","X","MGP_CASTEiJ_G0034715","X",0,0,0,0,0,0,0,0,0,0
"Gpr119","ENSMUSG00000051209","X","MGP_CASTEiJ_G0034661","X",0,0,0,0,0,0,0,0,0,0
"Gpr143","ENSMUSG00000025333","X","MGP_CASTEiJ_G0035155","X",0,0,0,0,0,0,0,0,0,0
"Gpr165","ENSMUSG00000031210","X","MGP_CASTEiJ_G0034891","X",0,0,0,0,0,0,0,0,0,0
"Gpr173","ENSMUSG00000056679","X","MGP_CASTEiJ_G0035152","X",0,0,0,0,0,0,0,0,0,0
"Gpr174","ENSMUSG00000073008","X","MGP_CASTEiJ_G0034976","X",0,0,0,0,0,0,0,0,0,0
"Gpr34","ENSMUSG00000040229","X","MGP_CASTEiJ_G0034553","X",0,2,0,2,3,0,0,0,0,1
"Gpr50","ENSMUSG00000056380","X","MGP_CASTEiJ_G0034750","X",0,0,0,6,1,0,0,0,2,0
"Gpr82","ENSMUSG00000047678","X","MGP_CASTEiJ_G0034554","X",0,0,0,0,0,0,0,0,0,0
"Gprasp1","ENSMUSG00000043384","X","MGP_CASTEiJ_G0035054","X",335,412,281,320,324,74,70,57,34,54
"Gprasp2","ENSMUSG00000072966","X","MGP_CASTEiJ_G0035056","X",23,29,16,13,14,3,3,2,2,0
"Gria3","ENSMUSG00000001986","X","MGP_CASTEiJ_G0034636","X",0,0,0,0,0,0,1,0,0,0
"Gripap1","ENSMUSG00000031153","X","MGP_CASTEiJ_G0034507","X",196,241,172,215,240,11,11,12,15,23
"Grpr","ENSMUSG00000031364","X","MGP_CASTEiJ_G0035203","X",0,0,0,0,0,0,0,0,0,0
"Gspt2","ENSMUSG00000071723","X","MGP_CASTEiJ_G0034877","X",15,14,11,8,12,2,4,0,0,3
"Gucy2f","ENSMUSG00000042282","X","MGP_CASTEiJ_G0035114","X",0,0,0,0,0,0,0,0,0,0
"Haus7","ENSMUSG00000031371","X","MGP_CASTEiJ_G0034772","X",35,28,40,38,41,6,7,8,5,10
"Hccs","ENSMUSG00000031352","X","MGP_CASTEiJ_G0035235","X",159,117,113,147,119,10,11,10,12,11
"Hcfc1","ENSMUSG00000031386","X","MGP_CASTEiJ_G0034790","X",506,567,339,541,568,134,169,154,144,152
"Hdac6","ENSMUSG00000031161","X","MGP_CASTEiJ_G0034518","X",171,233,178,356,435,17,10,4,18,20
"Hdac8","ENSMUSG00000067567","X","MGP_CASTEiJ_G0034937","X",2,1,4,5,4,0,0,1,1,3
"Hdx","ENSMUSG00000034551","X","MGP_CASTEiJ_G0034991","X",0,0,0,0,0,0,0,0,0,0
"Heph","ENSMUSG00000031209","X","MGP_CASTEiJ_G0034890","X",1,2,9,7,4,1,0,0,0,0
"Hmgb3","ENSMUSG00000015217","X","MGP_CASTEiJ_G0034749","X",247,249,203,313,313,3,3,1,3,1
"Hmgn5","ENSMUSG00000031245","X","MGP_CASTEiJ_G0034984","X",103,131,63,90,105,11,14,19,5,19
"Hnrnph2","ENSMUSG00000045427","X","MGP_CASTEiJ_G0026216","3",2211,2352,1464,1968,1823,0,0,0,0,0
"Hprt","ENSMUSG00000025630","X","MGP_CASTEiJ_G0034683","X",261,314,189,290,264,18,28,25,22,20
"Hs6st2","ENSMUSG00000062184","X","MGP_CASTEiJ_G0034676","X",0,0,0,0,0,0,0,0,0,0
"Hsd17b10","ENSMUSG00000025260","X","MGP_CASTEiJ_G0035146","X",287,394,215,358,403,34,56,45,37,58
"Hsf3","ENSMUSG00000045802","X","MGP_CASTEiJ_G0034889","X",0,0,1,0,0,0,0,0,0,0
"Htatsf1","ENSMUSG00000067873","X","MGP_CASTEiJ_G0034709","X",132,182,129,231,269,23,40,34,32,50
"Htr2c","ENSMUSG00000041380","X","MGP_CASTEiJ_G0035130","X",0,0,0,0,0,0,0,0,0,0
"Huwe1","ENSMUSG00000025261","X","MGP_CASTEiJ_G0035145","X",897,1043,787,1189,1309,76,104,119,94,126
"Idh3g","ENSMUSG00000002010","X","MGP_CASTEiJ_G0034782","X",449,504,297,511,571,9,7,18,12,18
"Ids","ENSMUSG00000035847","X","MGP_CASTEiJ_G0034741","X",863,1093,615,667,647,71,114,75,50,54
"Igbp1","ENSMUSG00000031221","X","MGP_CASTEiJ_G0034905","X",73,105,63,80,84,23,32,20,20,20
"Igsf1","ENSMUSG00000031111","X","MGP_CASTEiJ_G0034668","X",2,6,1,11,4,0,0,0,0,0
"Ikbkg","ENSMUSG00000004221","X","MGP_CASTEiJ_G0034809","X",172,208,138,159,195,56,58,64,34,60
"Il13ra1","ENSMUSG00000017057","X","MGP_CASTEiJ_G0034595","X",9,8,16,16,18,0,1,0,0,1
"Il13ra2","ENSMUSG00000031289","X","MGP_CASTEiJ_G0035131","X",0,0,0,1,0,0,0,0,0,0
"Il1rapl1","ENSMUSG00000052372","X","MGP_CASTEiJ_G0034858","X",0,0,0,0,0,0,0,0,0,0
"Il1rapl2","ENSMUSG00000059203","X","MGP_CASTEiJ_G0035083","X",0,0,0,0,0,0,0,0,0,0
"Il2rg","ENSMUSG00000031304","X","MGP_CASTEiJ_G0034920","X",2,5,1,3,0,0,0,0,0,0
"Iqsec2","ENSMUSG00000041115","X","MGP_CASTEiJ_G0035149","X",61,83,55,73,79,11,23,12,16,13
"Irak1","ENSMUSG00000031392","X","MGP_CASTEiJ_G0034791","X",156,222,167,250,273,26,21,28,32,42
"Irs4","ENSMUSG00000054667","X","MGP_CASTEiJ_G0035112","X",0,0,1,0,1,0,0,0,0,0
"Itgb1bp2","ENSMUSG00000031312","X","MGP_CASTEiJ_G0034926","X",0,6,1,0,3,0,0,2,0,0
"Itm2a","ENSMUSG00000031239","X","MGP_CASTEiJ_G0034977","X",22,30,15,25,27,1,2,2,0,0
"Jade3","ENSMUSG00000037315","X","MGP_CASTEiJ_G0034569","X",201,165,135,314,339,32,34,14,39,57
"Jpx","ENSMUSG00000097571","X","MGP_CASTEiJ_G0007377","X",64,70,66,18,44,0,4,3,0,1
"Kantr","ENSMUSG00000087403","X","MGP_CASTEiJ_G0007393","X",29,42,20,18,18,0,0,0,0,0
"Kcnd1","ENSMUSG00000009731","X","MGP_CASTEiJ_G0034508","X",0,0,1,4,0,1,1,0,0,1
"Kcne1l","ENSMUSG00000090122","X","MGP_CASTEiJ_G0035116","X",2,0,0,0,0,0,0,0,0,0
"Kctd12b","ENSMUSG00000041633","X","MGP_CASTEiJ_G0035162","X",26,10,8,14,11,4,1,1,2,2
"Kdm5c","ENSMUSG00000025332","X","MGP_CASTEiJ_G0035150","X",369,361,276,337,350,162,188,181,52,59
"Kif4","ENSMUSG00000034311","X","MGP_CASTEiJ_G0034911","X",16,3,3,5,4,0,0,0,0,0
"Kis2","ENSMUSG00000086173","X","MGP_CASTEiJ_G0015091","X",0,0,0,0,0,0,0,0,0,0
"Klf8","ENSMUSG00000041649","X","MGP_CASTEiJ_G0035160","X",7,23,8,12,20,9,13,17,10,16
"Klhl13","ENSMUSG00000036782","X","MGP_CASTEiJ_G0034590","X",58,50,48,41,60,25,15,25,14,16
"Klhl15","ENSMUSG00000043929","X","MGP_CASTEiJ_G0034873","X",64,42,36,72,56,7,16,16,8,7
"Klhl34","ENSMUSG00000047485","X","MGP_CASTEiJ_G0035178","X",0,0,0,0,0,0,0,0,0,0
"Klhl4","ENSMUSG00000025597","X","MGP_CASTEiJ_G0035002","X",0,0,0,0,0,0,0,0,0,0
"L1cam","ENSMUSG00000031391","X","MGP_CASTEiJ_G0034785","X",79,86,49,70,82,17,8,6,9,6
"Lage3","ENSMUSG00000015289","X","MGP_CASTEiJ_G0034805","X",76,76,38,78,81,0,3,1,1,0
"Lamp2","ENSMUSG00000016534","X","MGP_CASTEiJ_G0034629","X",575,614,478,751,682,83,110,76,62,99
"Lancl3","ENSMUSG00000047344","X","MGP_CASTEiJ_G0034532","X",3,2,1,0,0,0,0,0,0,0
"Las1l","ENSMUSG00000057421","X","MGP_CASTEiJ_G0034886","X",188,229,121,201,187,25,51,23,45,46
"Ldoc1","ENSMUSG00000057615","X","MGP_CASTEiJ_G0034725","X",0,0,0,0,0,0,0,0,0,0
"Lhfpl1","ENSMUSG00000041700","X","MGP_CASTEiJ_G0035128","X",0,0,0,0,0,0,0,0,0,0
"Lonrf3","ENSMUSG00000016239","X","MGP_CASTEiJ_G0034597","X",0,0,1,1,0,0,0,0,7,8
"Lpar4","ENSMUSG00000049929","X","MGP_CASTEiJ_G0034973","X",42,36,25,71,106,0,2,9,2,3
"Lrch2","ENSMUSG00000031290","X","MGP_CASTEiJ_G0035132","X",0,0,1,0,0,0,0,0,0,0
"Magea10","ENSMUSG00000043453","X","MGP_CASTEiJ_G0034758","X",0,0,0,0,0,0,0,0,0,0
"Magea4","ENSMUSG00000033343","X","MGP_CASTEiJ_G0034756","X",0,0,0,2,1,0,0,0,0,0
"Mageb18","ENSMUSG00000067649","X","MGP_CASTEiJ_G0034865","X",0,0,0,0,0,0,0,0,0,0
"Mageb5","ENSMUSG00000061392","X","MGP_CASTEiJ_G0034864","X",0,0,0,0,0,0,0,0,0,0
"Maged1","ENSMUSG00000025151","X","MGP_CASTEiJ_G0034876","X",827,1005,612,1033,1197,461,532,495,552,575
"Maged2","ENSMUSG00000025268","X","MGP_CASTEiJ_G0035138","X",163,163,87,247,271,18,20,15,25,30
"Magee1","ENSMUSG00000031227","X","MGP_CASTEiJ_G0034958","X",25,27,17,15,17,0,8,4,4,2
"Magee2","ENSMUSG00000031224","X","MGP_CASTEiJ_G0034956","X",0,0,0,0,0,0,0,0,0,0
"Mageh1","ENSMUSG00000047238","X","MGP_CASTEiJ_G0035157","X",68,109,65,125,115,26,30,18,37,29
"Magix","ENSMUSG00000031147","X","MGP_CASTEiJ_G0034501","X",36,47,43,60,53,4,3,5,4,1
"Magt1","ENSMUSG00000031232","X","MGP_CASTEiJ_G0034963","X",130,135,113,130,150,48,54,34,30,40
"Mamld1","ENSMUSG00000059401","X","MGP_CASTEiJ_G0034745","X",10,6,7,16,24,0,2,0,0,8
"Maoa","ENSMUSG00000025037","X","MGP_CASTEiJ_G0034558","X",34,36,27,37,58,5,3,7,0,4
"Maob","ENSMUSG00000040147","X","MGP_CASTEiJ_G0034559","X",507,535,415,521,506,35,22,18,21,26
"Map3k15","ENSMUSG00000031303","X","MGP_CASTEiJ_G0035186","X",12,22,10,18,16,0,4,0,0,1
"Map7d2","ENSMUSG00000041020","X","MGP_CASTEiJ_G0035183","X",0,0,0,0,0,0,0,0,0,0
"Mbnl3","ENSMUSG00000036109","X","MGP_CASTEiJ_G0034675","X",6,21,6,24,28,3,1,1,0,2
"Mbtps2","ENSMUSG00000046873","X","MGP_CASTEiJ_G0035175","X",49,69,46,50,58,35,33,33,24,35
"Mcf2","ENSMUSG00000031139","X","MGP_CASTEiJ_G0034720","X",0,0,0,0,0,0,0,0,0,0
"Mecp2","ENSMUSG00000031393","X","MGP_CASTEiJ_G0034792","X",269,287,276,255,266,42,61,42,40,53
"Med12","ENSMUSG00000079487","X","MGP_CASTEiJ_G0034921","X",196,251,175,207,275,26,21,25,16,20
"Med14","ENSMUSG00000064127","X","MGP_CASTEiJ_G0034548","X",130,112,101,83,116,15,23,26,12,12
"Mid1ip1","ENSMUSG00000008035","X","MGP_CASTEiJ_G0034544","X",2,1,94,1,10,5,6,2,9,16
"Mid2","ENSMUSG00000000266","X","MGP_CASTEiJ_G0035104","X",200,179,129,154,172,71,85,67,74,82
"Mir105","ENSMUSG00000077847","X","MGP_CASTEiJ_G0009048","X",0,0,0,0,0,0,0,0,0,0
"Mir106a","ENSMUSG00000065456","X","MGP_CASTEiJ_G0009012","X",0,0,0,0,0,0,0,0,0,0
"Mir1198","ENSMUSG00000080645","X","MGP_CASTEiJ_G0008992","X",0,0,0,0,0,0,0,0,0,0
"Mir1264","ENSMUSG00000093122","X","MGP_CASTEiJ_G0009086","X",0,0,0,0,0,0,0,0,0,0
"Mir1298","ENSMUSG00000080331","X","MGP_CASTEiJ_G0009087","X",0,0,0,0,0,0,0,0,0,0
"Mir188","ENSMUSG00000065398","X","MGP_CASTEiJ_G0008990","X",0,0,0,0,0,0,0,0,0,0
"Mir18b","ENSMUSG00000077111","X","MGP_CASTEiJ_G0009011","X",0,0,0,0,0,0,0,0,0,0
"Mir1906-2","ENSMUSG00000084559","X","MGP_CASTEiJ_G0007764","12",0,0,0,0,0,0,0,0,0,0
"Mir1912","ENSMUSG00000093039","X","MGP_CASTEiJ_G0009085","X",0,0,0,0,0,0,0,0,0,0
"Mir1970","ENSMUSG00000088464","X","MGP_CASTEiJ_G0009077","X",0,0,0,0,0,0,0,0,0,0
"Mir19b-2","ENSMUSG00000065473","X","MGP_CASTEiJ_G0009009","X",0,0,0,0,0,0,0,0,0,0
"Mir201","ENSMUSG00000065404","X","MGP_CASTEiJ_G0009041","X",0,0,0,0,0,0,0,0,0,0
"Mir20b","ENSMUSG00000076041","X","MGP_CASTEiJ_G0009010","X",0,0,0,0,0,0,0,0,0,0
"Mir2137","ENSMUSG00000089357","X","MGP_CASTEiJ_G0009049","X",0,0,0,0,0,0,0,0,0,0
"Mir221","ENSMUSG00000065422","X","MGP_CASTEiJ_G0008995","X",2,0,1,0,2,0,0,0,0,0
"Mir222","ENSMUSG00000065471","X","MGP_CASTEiJ_G0008996","X",0,0,0,0,0,0,0,0,0,0
"Mir223","ENSMUSG00000076066","X","MGP_CASTEiJ_G0009058","X",0,0,0,0,0,0,0,0,0,0
"Mir224","ENSMUSG00000065542","X","MGP_CASTEiJ_G0009045","X",0,0,0,0,0,0,0,0,0,0
"Mir3112","ENSMUSG00000093172","X","MGP_CASTEiJ_G0009074","X",0,0,0,0,0,0,0,0,0,0
"Mir3113","ENSMUSG00000093219","X","MGP_CASTEiJ_G0009091","X",0,0,0,0,0,0,0,0,0,0
"Mir322","ENSMUSG00000065418","X","MGP_CASTEiJ_G0009019","X",0,0,0,0,0,0,0,0,0,0
"Mir325","ENSMUSG00000065425","X","MGP_CASTEiJ_G0009069","X",0,0,0,0,0,0,0,0,0,0
"Mir3475","ENSMUSG00000093102","X","MGP_CASTEiJ_G0009079","X",0,0,0,0,0,0,0,0,0,0
"Mir351","ENSMUSG00000065503","X","MGP_CASTEiJ_G0009017","X",0,0,1,0,0,0,0,0,0,0
"Mir361","ENSMUSG00000065510","X","MGP_CASTEiJ_G0009072","X",0,0,0,0,0,0,0,0,0,0
"Mir362","ENSMUSG00000070100","X","MGP_CASTEiJ_G0008989","X",0,0,0,0,0,0,0,0,0,0
"Mir3620","ENSMUSG00000099172","X","MGP_CASTEiJ_G0009090","X",0,0,0,0,0,0,0,0,0,0
"Mir363","ENSMUSG00000070106","X","MGP_CASTEiJ_G0008602","5",0,0,0,0,0,0,0,0,0,0
"Mir374b","ENSMUSG00000076269","X","MGP_CASTEiJ_G0009064","X",0,0,0,0,0,0,0,0,0,0
"Mir374c","ENSMUSG00000106465","X","MGP_CASTEiJ_G0009065","X",0,0,0,0,0,0,0,0,0,0
"Mir384","ENSMUSG00000065499","X","MGP_CASTEiJ_G0009068","X",0,0,0,0,0,0,0,0,0,0
"Mir421","ENSMUSG00000065509","X","MGP_CASTEiJ_G0009063","X",0,0,0,0,0,0,0,0,0,0
"Mir448","ENSMUSG00000065450","X","MGP_CASTEiJ_G0009089","X",0,0,0,0,0,0,0,0,0,0
"Mir450-1","ENSMUSG00000065486","X","MGP_CASTEiJ_G0009014","X",0,0,0,0,0,0,0,0,0,0
"Mir450-2","ENSMUSG00000076399","X","MGP_CASTEiJ_G0009015","X",0,0,0,0,0,0,0,0,0,0
"Mir450b","ENSMUSG00000076050","X","MGP_CASTEiJ_G0009013","X",0,0,0,0,0,0,0,0,0,0
"Mir452","ENSMUSG00000070138","X","MGP_CASTEiJ_G0009046","X",0,0,0,0,0,0,0,0,0,0
"Mir463","ENSMUSG00000070078","X","MGP_CASTEiJ_G0009032","X",0,0,0,0,0,0,0,0,0,0
"Mir465","ENSMUSG00000070071","X","MGP_CASTEiJ_G0009040","X",0,0,0,0,0,0,0,0,0,0
"Mir465d","ENSMUSG00000106642","X","MGP_CASTEiJ_G0009038","X",0,0,0,0,0,0,0,0,0,0
"Mir470","ENSMUSG00000070073","X","MGP_CASTEiJ_G0009037","X",0,0,0,0,0,0,0,0,0,0
"Mir471","ENSMUSG00000070104","X","MGP_CASTEiJ_G0009030","X",0,0,0,0,0,0,0,0,0,0
"Mir500","ENSMUSG00000070108","X","MGP_CASTEiJ_G0008987","X",0,0,0,0,0,0,0,0,0,0
"Mir501","ENSMUSG00000076251","X","MGP_CASTEiJ_G0008988","X",0,0,0,0,0,0,0,0,0,0
"Mir503","ENSMUSG00000076122","X","MGP_CASTEiJ_G0009018","X",0,0,0,0,1,0,0,0,0,0
"Mir504","ENSMUSG00000070110","X","MGP_CASTEiJ_G0009021","X",0,0,0,0,0,0,0,0,0,0
"Mir505","ENSMUSG00000070081","X","MGP_CASTEiJ_G0009023","X",0,0,0,0,0,0,0,0,0,0
"Mir509","ENSMUSG00000106233","X","MGP_CASTEiJ_G0009043","X",0,0,0,0,0,0,0,0,0,0
"Mir5116","ENSMUSG00000092787","X","MGP_CASTEiJ_G0009020","X",0,0,0,0,0,0,0,0,0,0
"Mir5132","ENSMUSG00000092907","X","MGP_CASTEiJ_G0009050","X",0,0,0,0,0,0,0,0,0,0
"Mir532","ENSMUSG00000070139","X","MGP_CASTEiJ_G0008991","X",0,0,0,0,0,0,0,0,0,0
"Mir542","ENSMUSG00000076140","X","MGP_CASTEiJ_G0009016","X",0,0,0,0,0,0,0,0,0,0
"Mir547","ENSMUSG00000076005","X","MGP_CASTEiJ_G0009042","X",0,0,0,0,0,0,0,0,0,0
"Mir5617","ENSMUSG00000093408","X","MGP_CASTEiJ_G0008998","X",0,0,0,0,0,0,0,0,0,0
"Mir6383","ENSMUSG00000098493","X","MGP_CASTEiJ_G0009078","X",0,0,0,0,0,0,0,0,0,0
"Mir6384","ENSMUSG00000105738","X","MGP_CASTEiJ_G0009007","X",0,0,0,0,0,0,0,0,0,0
"Mir652","ENSMUSG00000076011","X","MGP_CASTEiJ_G0009080","X",0,0,0,0,0,0,0,0,0,0
"Mir672","ENSMUSG00000076286","X","MGP_CASTEiJ_G0009067","X",2,0,0,1,0,0,0,0,0,0
"Mir676","ENSMUSG00000076398","X","MGP_CASTEiJ_G0009060","X",0,0,0,0,0,0,0,0,0,0
"Mir7091","ENSMUSG00000099226","X","MGP_CASTEiJ_G0009052","X",0,0,0,0,0,0,0,0,0,0
"Mir7092","ENSMUSG00000106409","X","MGP_CASTEiJ_G0009053","X",0,0,0,0,0,0,0,0,0,0
"Mir7093","ENSMUSG00000099272","X","MGP_CASTEiJ_G0009075","X",0,0,0,0,0,0,0,0,0,0
"Mir717","ENSMUSG00000076214","X","MGP_CASTEiJ_G0009008","X",0,0,0,0,0,0,0,0,0,0
"Mir718","ENSMUSG00000076127","X","MGP_CASTEiJ_G0009051","X",0,0,0,0,0,0,0,0,0,0
"Mir741","ENSMUSG00000077119","X","MGP_CASTEiJ_G0009031","X",0,0,0,0,0,0,0,0,0,0
"Mir742","ENSMUSG00000077092","X","MGP_CASTEiJ_G0009027","X",0,0,0,0,0,0,0,0,0,0
"Mir743","ENSMUSG00000077127","X","MGP_CASTEiJ_G0009025","X",0,0,0,0,0,0,0,0,0,0
"Mir764","ENSMUSG00000076458","X","MGP_CASTEiJ_G0009084","X",0,0,0,0,0,0,0,0,0,0
"Mir7646","ENSMUSG00000106264","X","MGP_CASTEiJ_G0009076","X",0,0,0,0,0,0,0,0,0,0
"Mir767","ENSMUSG00000076455","X","MGP_CASTEiJ_G0009047","X",0,0,0,0,0,0,0,0,0,0
"Mir7673","ENSMUSG00000099072","X","MGP_CASTEiJ_G0009056","X",0,0,0,0,0,0,0,0,0,0
"Mir878","ENSMUSG00000077872","X","MGP_CASTEiJ_G0009034","X",0,0,0,0,0,0,0,0,0,0
"Mir880","ENSMUSG00000078002","X","MGP_CASTEiJ_G0009033","X",0,0,0,0,0,0,0,0,0,0
"Mir881","ENSMUSG00000078038","X","MGP_CASTEiJ_G0009035","X",0,0,0,0,0,0,0,0,0,0
"Mir883a","ENSMUSG00000078017","X","MGP_CASTEiJ_G0009028","X",0,0,0,0,0,0,0,0,0,0
"Mir883b","ENSMUSG00000078024","X","MGP_CASTEiJ_G0009029","X",0,0,0,0,0,0,0,0,0,0
"Mir92-2","ENSMUSG00000065613","X","MGP_CASTEiJ_G0008601","5",0,0,0,0,0,0,0,0,0,0
"Mir98","ENSMUSG00000065536","X","MGP_CASTEiJ_G0009093","X",0,0,0,0,0,0,0,0,0,0
"Mirlet7f-2","ENSMUSG00000065602","X","MGP_CASTEiJ_G0009092","X",0,0,0,0,0,0,0,0,0,0
"Mmgt1","ENSMUSG00000061273","X","MGP_CASTEiJ_G0034703","X",160,144,105,154,164,20,38,30,27,47
"Morc4","ENSMUSG00000031434","X","MGP_CASTEiJ_G0035097","X",150,173,89,167,151,61,55,49,43,60
"Mospd1","ENSMUSG00000023074","X","MGP_CASTEiJ_G0034687","X",69,65,44,71,62,2,1,6,5,1
"Mospd2","ENSMUSG00000061778","X","MGP_CASTEiJ_G0035217","X",92,133,107,111,107,72,62,67,49,52
"Mpp1","ENSMUSG00000031402","X","MGP_CASTEiJ_G0034819","X",49,83,54,66,49,3,2,3,4,4
"Msl3","ENSMUSG00000031358","X","MGP_CASTEiJ_G0035232","X",81,110,53,102,86,16,17,4,10,7
"Msn","ENSMUSG00000031207","X","MGP_CASTEiJ_G0034887","X",2190,3323,1302,1553,1499,241,393,222,191,201
"Mtcp1","ENSMUSG00000031200","X","MGP_CASTEiJ_G0034824","X",6,4,9,2,7,3,8,2,0,1
"Mtm1","ENSMUSG00000031337","X","MGP_CASTEiJ_G0034746","X",195,196,152,195,212,11,19,15,22,19
"Mtmr1","ENSMUSG00000015214","X","MGP_CASTEiJ_G0034747","X",120,132,122,143,154,17,21,16,18,22
"Mycs","ENSMUSG00000044597","X","MGP_CASTEiJ_G0034483","X",0,0,0,0,0,0,0,0,0,0
"n-R5s7","ENSMUSG00000065689","X","MGP_CASTEiJ_G0035622","X",0,0,0,0,0,0,0,0,0,0
"Naa10","ENSMUSG00000031388","X","MGP_CASTEiJ_G0034788","X",57,39,39,44,66,7,10,9,6,9
"Nap1l2","ENSMUSG00000082229","X","MGP_CASTEiJ_G0034944","X",0,0,0,0,0,0,0,0,0,0
"Nap1l3","ENSMUSG00000055733","X","MGP_CASTEiJ_G0035012","X",5,10,8,9,6,1,4,5,3,3
"Ndp","ENSMUSG00000040138","X","MGP_CASTEiJ_G0034560","X",0,0,0,0,0,0,0,0,0,0
"Ndufa1","ENSMUSG00000016427","X","MGP_CASTEiJ_G0034612","X",0,0,2,0,0,0,1,0,0,1
"Ndufb11","ENSMUSG00000031059","X","MGP_CASTEiJ_G0034571","X",454,551,314,687,607,83,95,77,108,118
"Nhs","ENSMUSG00000059493","X","MGP_CASTEiJ_G0035196","X",0,1,3,1,0,0,0,0,0,1
"Nhsl2","ENSMUSG00000079481","X","MGP_CASTEiJ_G0034931","X",3,1,1,0,1,1,0,0,0,0
"Nkap","ENSMUSG00000016409","X","MGP_CASTEiJ_G0034610","X",91,81,62,78,58,11,18,10,10,9
"Nkrf","ENSMUSG00000044149","X","MGP_CASTEiJ_G0034605","X",6,1,3,3,6,0,0,0,0,0
"Nlgn3","ENSMUSG00000031302","X","MGP_CASTEiJ_G0034922","X",1,2,7,10,18,0,3,1,7,9
"Nox1","ENSMUSG00000031257","X","MGP_CASTEiJ_G0035025","X",0,0,0,0,0,0,0,0,0,0
"Nr0b1","ENSMUSG00000025056","X","MGP_CASTEiJ_G0034857","X",0,0,0,0,0,0,0,0,0,0
"Nrk","ENSMUSG00000052854","X","MGP_CASTEiJ_G0035085","X",0,0,0,0,0,0,0,0,0,0
"Nsdhl","ENSMUSG00000031349","X","MGP_CASTEiJ_G0034762","X",187,197,195,271,271,39,66,48,47,58
"Nudt10","ENSMUSG00000073293","X","MGP_CASTEiJ_G0034485","X",5,6,5,1,4,8,8,10,4,8
"Nup62cl","ENSMUSG00000072944","X","MGP_CASTEiJ_G0035099","X",0,0,0,0,0,0,0,0,0,0
"Nxf2","ENSMUSG00000009941","X","MGP_CASTEiJ_G0035043","X",0,0,0,0,0,0,0,0,0,0
"Nxf3","ENSMUSG00000057000","X","MGP_CASTEiJ_G0035061","X",1,2,1,0,2,0,2,0,0,3
"Nxf7","ENSMUSG00000031410","X","MGP_CASTEiJ_G0035050","X",0,0,0,0,0,0,0,0,0,0
"Nxt2","ENSMUSG00000042271","X","MGP_CASTEiJ_G0035115","X",104,121,88,149,116,5,10,3,10,19
"Nyx","ENSMUSG00000051228","X","MGP_CASTEiJ_G0034551","X",0,6,8,12,13,0,0,0,0,0
"Ocrl","ENSMUSG00000001173","X","MGP_CASTEiJ_G0034649","X",611,525,399,516,569,79,58,75,71,51
"Ofd1","ENSMUSG00000040586","X","MGP_CASTEiJ_G0035222","X",166,196,115,255,237,7,19,16,12,4
"Ogt","ENSMUSG00000034160","X","MGP_CASTEiJ_G0034928","X",641,762,540,393,477,140,169,180,86,106
"Olfr1320","ENSMUSG00000071764","X","MGP_CASTEiJ_G0034666","X",0,0,0,0,0,0,0,0,0,0
"Olfr1321","ENSMUSG00000067971","X","MGP_CASTEiJ_G0034667","X",0,0,0,0,0,0,0,0,0,0
"Olfr1322","ENSMUSG00000056281","X","MGP_CASTEiJ_G0034669","X",0,0,0,0,0,0,0,0,0,0
"Olfr1323","ENSMUSG00000050504","X","MGP_CASTEiJ_G0034670","X",0,0,0,0,0,0,0,0,0,0
"Olfr1324","ENSMUSG00000048173","X","MGP_CASTEiJ_G0034671","X",0,0,0,0,0,0,0,0,0,0
"Olfr1325","ENSMUSG00000051706","X","MGP_CASTEiJ_G0034812","X",0,0,0,0,0,0,0,0,0,0
"Olfr1326-ps1","ENSMUSG00000043715","X","MGP_CASTEiJ_G0034811","X",0,0,0,0,0,0,0,0,0,0
"Ophn1","ENSMUSG00000031214","X","MGP_CASTEiJ_G0034896","X",129,91,81,128,123,22,14,14,21,23
"Opn1mw","ENSMUSG00000031394","X","MGP_CASTEiJ_G0034793","X",0,0,1,0,0,0,0,0,0,0
"Otc","ENSMUSG00000031173","X","MGP_CASTEiJ_G0034542","X",0,0,0,0,0,0,0,0,0,0
"Otud5","ENSMUSG00000031154","X","MGP_CASTEiJ_G0034509","X",170,144,107,142,153,115,147,121,100,102
"Otud6a","ENSMUSG00000051582","X","MGP_CASTEiJ_G0034904","X",0,0,0,0,2,0,0,0,0,0
"P2ry10","ENSMUSG00000050921","X","MGP_CASTEiJ_G0034974","X",0,3,0,2,3,0,1,0,0,0
"P2ry4","ENSMUSG00000044359","X","MGP_CASTEiJ_G0034908","X",0,0,0,0,1,0,0,0,0,0
"Pabpc5","ENSMUSG00000034732","X","MGP_CASTEiJ_G0035010","X",0,0,0,0,0,0,0,0,0,0
"Pak3","ENSMUSG00000031284","X","MGP_CASTEiJ_G0035122","X",1,0,0,0,1,0,0,0,2,0
"Pbdc1","ENSMUSG00000031226","X","MGP_CASTEiJ_G0034957","X",61,65,50,64,82,20,22,20,6,4
"Pbsn","ENSMUSG00000000003","X","MGP_CASTEiJ_G0034839","X",0,0,0,0,0,0,0,0,0,0
"Pcdh11x","ENSMUSG00000034755","X","MGP_CASTEiJ_G0035011","X",0,0,0,0,0,0,0,0,0,0
"Pcdh19","ENSMUSG00000051323","X","MGP_CASTEiJ_G0035019","X",0,0,0,0,0,0,0,0,0,0
"Pcsk1n","ENSMUSG00000039278","X","MGP_CASTEiJ_G0034516","X",0,0,0,0,4,0,0,0,0,1
"Pcyt1b","ENSMUSG00000035246","X","MGP_CASTEiJ_G0034868","X",0,0,0,0,0,0,0,0,0,0
"Pdha1","ENSMUSG00000031299","X","MGP_CASTEiJ_G0035187","X",321,348,212,400,350,52,60,35,50,55
"Pdk3","ENSMUSG00000035232","X","MGP_CASTEiJ_G0034869","X",99,115,68,125,123,7,11,12,14,14
"Pdzd11","ENSMUSG00000015668","X","MGP_CASTEiJ_G0034910","X",85,85,53,95,102,11,8,4,10,15
"Pdzd4","ENSMUSG00000002006","X","MGP_CASTEiJ_G0034784","X",7,8,3,5,11,0,1,0,2,1
"Pfkfb1","ENSMUSG00000025271","X","MGP_CASTEiJ_G0035136","X",2,1,1,0,0,0,1,0,1,0
"Pgr15l","ENSMUSG00000031212","X","MGP_CASTEiJ_G0034893","X",0,0,0,0,0,0,0,0,0,0
"Pgrmc1","ENSMUSG00000006373","X","MGP_CASTEiJ_G0034600","X",41,55,29,45,56,32,43,13,14,18
"Phex","ENSMUSG00000057457","X","MGP_CASTEiJ_G0035173","X",0,2,0,1,1,0,0,0,0,0
"Phf6","ENSMUSG00000025626","X","MGP_CASTEiJ_G0034682","X",40,36,27,35,52,10,10,7,8,8
"Phf8","ENSMUSG00000041229","X","MGP_CASTEiJ_G0035144","X",118,140,97,81,97,15,16,17,16,23
"Phka1","ENSMUSG00000034055","X","MGP_CASTEiJ_G0034938","X",299,318,203,364,366,9,28,30,23,26
"Phka2","ENSMUSG00000031295","X","MGP_CASTEiJ_G0035189","X",35,44,26,26,27,1,3,1,4,2
"Piga","ENSMUSG00000031381","X","MGP_CASTEiJ_G0035214","X",122,156,84,63,76,20,20,23,9,22
"Pim2","ENSMUSG00000031155","X","MGP_CASTEiJ_G0034510","X",59,88,43,58,65,39,74,44,39,54
"Pin4","ENSMUSG00000079480","X","MGP_CASTEiJ_G0034933","X",2,0,2,1,2,14,17,14,18,12
"Pir","ENSMUSG00000031379","X","MGP_CASTEiJ_G0035212","X",1,9,1,0,6,0,0,0,2,0
"Pja1","ENSMUSG00000034403","X","MGP_CASTEiJ_G0034900","X",74,116,65,80,70,20,32,24,21,19
"Plac1","ENSMUSG00000061082","X","MGP_CASTEiJ_G0034684","X",0,0,0,0,0,0,0,0,0,0
"Platr21","ENSMUSG00000086807","X","MGP_CASTEiJ_G0015111","X",10,28,5,2,3,1,4,0,0,1
"Plp1","ENSMUSG00000031425","X","MGP_CASTEiJ_G0035072","X",12,12,17,16,14,3,0,0,0,0
"Pls3","ENSMUSG00000016382","X","MGP_CASTEiJ_G0034828","X",671,782,484,1100,1203,465,455,439,101,143
"Plxna3","ENSMUSG00000031398","X","MGP_CASTEiJ_G0034804","X",39,50,28,51,54,4,10,5,0,3
"Plxnb3","ENSMUSG00000031385","X","MGP_CASTEiJ_G0034780","X",2,5,3,1,3,0,0,0,0,0
"Pnck","ENSMUSG00000002012","X","MGP_CASTEiJ_G0034776","X",0,2,2,0,0,0,0,1,0,0
"Pnma5","ENSMUSG00000050424","X","MGP_CASTEiJ_G0034764","X",0,0,0,2,0,0,0,0,2,0
"Pof1b","ENSMUSG00000034607","X","MGP_CASTEiJ_G0034999","X",114,113,78,100,94,2,5,2,3,3
"Pola1","ENSMUSG00000006678","X","MGP_CASTEiJ_G0034867","X",41,23,27,34,45,13,8,14,16,16
"Porcn","ENSMUSG00000031169","X","MGP_CASTEiJ_G0034527","X",27,37,8,18,33,1,1,3,0,3
"Pou3f4","ENSMUSG00000056854","X","MGP_CASTEiJ_G0034987","X",0,0,0,0,0,0,0,0,0,0
"Ppef1","ENSMUSG00000062168","X","MGP_CASTEiJ_G0035190","X",0,1,0,0,0,0,0,0,0,0
"Ppp1r3f","ENSMUSG00000039556","X","MGP_CASTEiJ_G0034493","X",2,0,1,1,3,0,2,1,1,2
"Pqbp1","ENSMUSG00000031157","X","MGP_CASTEiJ_G0034512","X",51,67,35,63,86,0,4,0,2,2
"Praf2","ENSMUSG00000031149","X","MGP_CASTEiJ_G0034504","X",125,173,70,289,300,77,102,68,123,159
"Prdx4","ENSMUSG00000025289","X","MGP_CASTEiJ_G0035170","X",198,173,107,210,253,11,14,14,9,21
"Prickle3","ENSMUSG00000031145","X","MGP_CASTEiJ_G0034498","X",69,96,55,60,89,9,14,9,17,21
"Prkx","ENSMUSG00000035725","X","MGP_CASTEiJ_G0034838","X",111,162,127,137,138,27,46,41,32,43
"Prps1","ENSMUSG00000031432","X","MGP_CASTEiJ_G0035102","X",186,201,113,201,184,30,38,27,30,34
"Prps2","ENSMUSG00000025742","X","MGP_CASTEiJ_G0035230","X",1014,1291,1064,1351,1248,248,254,324,291,308
"Prr32","ENSMUSG00000037086","X","MGP_CASTEiJ_G0034646","X",0,0,0,0,0,0,0,0,0,0
"Prrg1","ENSMUSG00000047996","X","MGP_CASTEiJ_G0034844","X",38,32,24,14,28,16,14,17,10,18
"Prrg3","ENSMUSG00000033361","X","MGP_CASTEiJ_G0034753","X",4069,2827,2522,1803,1890,484,401,476,161,194
"Psmd10","ENSMUSG00000031429","X","MGP_CASTEiJ_G0035107","X",59,53,36,76,68,2,4,5,6,13
"Ptchd1","ENSMUSG00000041552","X","MGP_CASTEiJ_G0035171","X",0,0,0,0,0,0,0,0,0,0
"Rab33a","ENSMUSG00000031104","X","MGP_CASTEiJ_G0034658","X",0,0,0,0,0,0,0,0,0,0
"Rab39b","ENSMUSG00000031202","X","MGP_CASTEiJ_G0034827","X",0,0,0,0,0,0,0,0,0,0
"Rab9","ENSMUSG00000079316","X","MGP_CASTEiJ_G0035224","X",72,83,68,88,86,166,223,155,205,200
"Rab9b","ENSMUSG00000043463","X","MGP_CASTEiJ_G0035073","X",0,0,0,0,0,0,0,0,0,0
"Rai2","ENSMUSG00000043518","X","MGP_CASTEiJ_G0035195","X",1,0,0,1,0,0,0,0,0,0
"Rap2c","ENSMUSG00000050029","X","MGP_CASTEiJ_G0034674","X",25,15,14,20,21,0,2,7,0,1
"Rbbp7","ENSMUSG00000031353","X","MGP_CASTEiJ_G0035198","X",22,28,25,22,24,102,99,89,115,118
"Rbm10","ENSMUSG00000031060","X","MGP_CASTEiJ_G0034572","X",109,138,88,117,151,36,43,44,37,37
"Rbm3","ENSMUSG00000031167","X","MGP_CASTEiJ_G0034524","X",192,194,159,410,564,49,57,47,89,170
"Rbm3os","ENSMUSG00000055188","X","MGP_CASTEiJ_G0004584","X",3,3,0,6,7,3,6,7,4,7
"Rbm41","ENSMUSG00000031433","X","MGP_CASTEiJ_G0035098","X",11,4,4,13,9,3,12,7,6,7
"Rbmx","ENSMUSG00000031134","X","MGP_CASTEiJ_G0034713","X",463,505,370,535,564,32,23,41,24,33
"Rbmx2","ENSMUSG00000031107","X","MGP_CASTEiJ_G0034662","X",36,32,21,42,51,5,6,0,7,7
"Renbp","ENSMUSG00000031387","X","MGP_CASTEiJ_G0034789","X",266,309,174,329,261,35,52,25,31,28
"Reps2","ENSMUSG00000040855","X","MGP_CASTEiJ_G0035197","X",248,412,194,191,152,45,89,39,31,46
"Rgn","ENSMUSG00000023070","X","MGP_CASTEiJ_G0034570","X",13,12,6,14,21,0,2,0,6,1
"Rhox1","ENSMUSG00000071773","X","MGP_CASTEiJ_G0034615","X",0,0,0,0,0,0,0,0,0,0
"Rhox10","ENSMUSG00000053909","X","MGP_CASTEiJ_G0034621","X",0,0,0,0,0,0,0,0,0,0
"Rhox11","ENSMUSG00000051038","X","MGP_CASTEiJ_G0034622","X",0,0,0,0,0,0,0,0,0,0
"Rhox12","ENSMUSG00000071766","X","MGP_CASTEiJ_G0034623","X",0,0,0,0,0,0,0,0,0,0
"Rhox13","ENSMUSG00000050197","X","MGP_CASTEiJ_G0034624","X",0,0,0,0,0,0,0,0,0,0
"Rhox5","ENSMUSG00000095180","X","MGP_CASTEiJ_G0034616","X",0,0,0,0,0,0,0,0,0,0
"Rhox6","ENSMUSG00000006200","X","MGP_CASTEiJ_G0034618","X",0,0,0,0,0,0,0,0,0,0
"Ribc1","ENSMUSG00000025257","X","MGP_CASTEiJ_G0035147","X",12,6,8,12,8,0,0,3,0,4
"Ripply1","ENSMUSG00000072945","X","MGP_CASTEiJ_G0035095","X",0,0,0,0,1,0,0,0,0,1
"Rlim","ENSMUSG00000056537","X","MGP_CASTEiJ_G0034951","X",676,701,504,663,707,102,120,135,96,116
"Rnf113a1","ENSMUSG00000036537","X","MGP_CASTEiJ_G0034613","X",0,0,1,0,0,0,0,0,0,0
"Rnf128","ENSMUSG00000031438","X","MGP_CASTEiJ_G0035092","X",3,1,1,1,4,0,0,3,0,0
"Rnf138rt1","ENSMUSG00000083695","X","MGP_CASTEiJ_G0035204","X",0,0,0,0,0,0,0,0,0,1
"Rp2","ENSMUSG00000060090","X","MGP_CASTEiJ_G0034568","X",87,90,49,83,80,8,11,7,8,9
"Rpgr","ENSMUSG00000031174","X","MGP_CASTEiJ_G0034541","X",49,44,40,67,72,4,5,7,3,7
"Rpl10","ENSMUSG00000008682","X","MGP_CASTEiJ_G0028437","5",254,305,270,448,504,0,0,0,0,0
"Rpl36a","ENSMUSG00000079435","X","MGP_CASTEiJ_G0035036","X",0,0,11,0,1,0,0,1,0,0
"Rpl39","ENSMUSG00000079641","X","MGP_CASTEiJ_G0034608","X",0,0,3,0,0,0,0,0,0,3
"Rps4x","ENSMUSG00000031320","X","MGP_CASTEiJ_G0034935","X",3372,3298,2051,3844,3749,277,272,237,357,329
"Rps6ka3","ENSMUSG00000031309","X","MGP_CASTEiJ_G0035181","X",283,399,285,428,437,112,110,94,140,137
"Rragb","ENSMUSG00000041658","X","MGP_CASTEiJ_G0035159","X",6,15,8,14,10,1,1,1,2,3
"Rs1","ENSMUSG00000031293","X","MGP_CASTEiJ_G0035191","X",0,0,0,1,0,0,0,0,0,0
"S100g","ENSMUSG00000040808","X","MGP_CASTEiJ_G0035202","X",1849,1868,1061,2109,2224,200,273,205,237,304
"Samt3","ENSMUSG00000035454","X","MGP_CASTEiJ_G0034856","X",0,0,0,0,0,0,0,0,0,0
"Samt4","ENSMUSG00000025051","X","MGP_CASTEiJ_G0035166","X",0,0,0,0,0,0,0,0,0,0
"Sash3","ENSMUSG00000031101","X","MGP_CASTEiJ_G0034652","X",1,2,0,0,0,0,0,0,0,0
"Sat1","ENSMUSG00000025283","X","MGP_CASTEiJ_G0035168","X",615,635,379,648,774,56,72,67,72,84
"Satl1","ENSMUSG00000025527","X","MGP_CASTEiJ_G0034996","X",0,0,0,0,0,0,0,0,0,0
"Scml1","ENSMUSG00000086540","X","MGP_CASTEiJ_G0007394","X",0,0,0,0,0,0,0,0,0,0
"Scml2","ENSMUSG00000000037","X","MGP_CASTEiJ_G0035194","X",0,1,0,0,0,1,0,1,0,0
"Serpina7","ENSMUSG00000031271","X","MGP_CASTEiJ_G0035086","X",0,1,0,0,1,1,0,0,0,0
"Sh3bgrl","ENSMUSG00000031246","X","MGP_CASTEiJ_G0034985","X",337,309,213,362,362,93,81,70,76,93
"Sh3kbp1","ENSMUSG00000040990","X","MGP_CASTEiJ_G0035185","X",27,23,7,10,8,1,6,0,1,0
"Shroom2","ENSMUSG00000045180","X","MGP_CASTEiJ_G0035154","X",112,98,87,122,131,7,32,22,23,35
"Shroom4","ENSMUSG00000068270","X","MGP_CASTEiJ_G0034487","X",130,148,107,184,225,71,63,60,70,75
"Slc10a3","ENSMUSG00000032806","X","MGP_CASTEiJ_G0034807","X",17,26,16,58,48,7,9,18,7,4
"Slc16a2","ENSMUSG00000033965","X","MGP_CASTEiJ_G0034950","X",588,577,489,448,538,111,177,179,85,89
"Slc25a14","ENSMUSG00000031105","X","MGP_CASTEiJ_G0034660","X",21,27,20,9,11,1,11,5,2,0
"Slc25a43","ENSMUSG00000037636","X","MGP_CASTEiJ_G0034602","X",0,0,1,0,0,0,0,0,0,0
"Slc25a53","ENSMUSG00000044348","X","MGP_CASTEiJ_G0035078","X",13,18,12,13,24,2,0,4,0,4
"Slc35a2","ENSMUSG00000031156","X","MGP_CASTEiJ_G0034511","X",153,165,94,186,213,14,20,20,23,38
"Slc38a5","ENSMUSG00000031170","X","MGP_CASTEiJ_G0034529","X",0,1,0,1,0,0,0,0,0,0
"Slc6a14","ENSMUSG00000031089","X","MGP_CASTEiJ_G0034588","X",0,0,10,0,1,1,4,1,0,0
"Slc6a8","ENSMUSG00000019558","X","MGP_CASTEiJ_G0034777","X",195,239,124,180,248,27,43,26,15,26
"Slc7a3","ENSMUSG00000031297","X","MGP_CASTEiJ_G0034915","X",5,2,3,2,2,1,0,1,0,0
"Slc9a6","ENSMUSG00000060681","X","MGP_CASTEiJ_G0034704","X",153,200,107,115,156,21,19,23,11,19
"Slc9a7","ENSMUSG00000037341","X","MGP_CASTEiJ_G0034567","X",1,3,3,6,8,4,8,4,4,9
"Slitrk2","ENSMUSG00000036790","X","MGP_CASTEiJ_G0034733","X",0,0,0,0,0,0,0,0,0,0
"Slitrk4","ENSMUSG00000046699","X","MGP_CASTEiJ_G0034730","X",0,0,0,0,0,0,0,0,0,0
"Smarca1","ENSMUSG00000031099","X","MGP_CASTEiJ_G0034648","X",3,1,1,15,5,0,0,1,1,2
"Smc1a","ENSMUSG00000041133","X","MGP_CASTEiJ_G0035148","X",192,249,137,203,255,32,39,31,31,34
"Smim9","ENSMUSG00000073094","X","MGP_CASTEiJ_G0034820","X",0,0,0,0,0,0,0,0,0,0
"Smpx","ENSMUSG00000041476","X","MGP_CASTEiJ_G0035177","X",0,0,0,0,0,0,1,0,0,0
"Sms","ENSMUSG00000071708","X","MGP_CASTEiJ_G0035174","X",319,405,248,469,501,61,75,67,77,69
"Snora35","ENSMUSG00000077767","X","MGP_CASTEiJ_G0038379","X",0,0,0,0,0,0,0,0,0,0
"Snora69","ENSMUSG00000065642","X","MGP_CASTEiJ_G0038340","X",0,0,0,0,0,0,0,0,0,0
"Snord61","ENSMUSG00000065110","X","MGP_CASTEiJ_G0038342","X",0,0,0,0,0,0,0,0,0,0
"Snx12","ENSMUSG00000046032","X","MGP_CASTEiJ_G0034916","X",72,109,45,106,91,32,40,44,33,34
"Sowahd","ENSMUSG00000044400","X","MGP_CASTEiJ_G0034607","X",0,0,0,0,0,0,0,0,0,0
"Sox3","ENSMUSG00000045179","X","MGP_CASTEiJ_G0034723","X",0,0,0,0,0,0,0,0,0,0
"Spaca5","ENSMUSG00000037167","X","MGP_CASTEiJ_G0034583","X",0,0,0,0,0,0,0,0,0,0
"Spin2c","ENSMUSG00000046550","X","MGP_CASTEiJ_G0035164","X",3,8,4,15,14,0,3,0,1,0
"Spin4","ENSMUSG00000071722","X","MGP_CASTEiJ_G0034879","X",12,11,3,5,2,1,2,1,1,0
"Srpk3","ENSMUSG00000002007","X","MGP_CASTEiJ_G0034781","X",1,3,0,0,2,0,0,0,0,0
"Srpx","ENSMUSG00000090084","X","MGP_CASTEiJ_G0034540","X",0,0,0,0,0,0,0,0,0,0
"Srpx2","ENSMUSG00000031253","X","MGP_CASTEiJ_G0035022","X",1,0,0,0,0,0,0,0,0,0
"Ssr4","ENSMUSG00000002014","X","MGP_CASTEiJ_G0034783","X",20,29,18,21,28,2,2,4,3,2
"Ssxa1","ENSMUSG00000062814","X","MGP_CASTEiJ_G0034585","X",0,0,0,0,0,0,0,0,0,0
"Stag2","ENSMUSG00000025862","X","MGP_CASTEiJ_G0034639","X",0,0,21,2,2,2,3,0,1,0
"Stard8","ENSMUSG00000031216","X","MGP_CASTEiJ_G0034898","X",211,274,204,277,337,22,47,35,32,56
"Stk26","ENSMUSG00000031112","X","MGP_CASTEiJ_G0034672","X",9,8,10,13,19,2,3,1,0,1
"Suv39h1","ENSMUSG00000039231","X","MGP_CASTEiJ_G0034521","X",20,18,10,21,22,1,0,0,4,3
"Syap1","ENSMUSG00000031357","X","MGP_CASTEiJ_G0035200","X",245,277,197,282,348,26,36,34,32,47
"Syn1","ENSMUSG00000037217","X","MGP_CASTEiJ_G0034577","X",0,0,0,0,0,0,0,0,3,0
"Syp","ENSMUSG00000031144","X","MGP_CASTEiJ_G0034497","X",4,2,2,7,2,3,0,0,0,0
"Sytl4","ENSMUSG00000031255","X","MGP_CASTEiJ_G0035023","X",15,11,17,13,19,2,3,7,2,0
"Sytl5","ENSMUSG00000054453","X","MGP_CASTEiJ_G0034539","X",8,13,17,9,20,1,2,5,0,1
"Taf1","ENSMUSG00000031314","X","MGP_CASTEiJ_G0034927","X",28,28,44,38,33,12,9,6,6,7
"Taf7l","ENSMUSG00000009596","X","MGP_CASTEiJ_G0035032","X",0,0,0,0,0,0,0,0,0,0
"Taf9b","ENSMUSG00000047242","X","MGP_CASTEiJ_G0034968","X",190,165,104,159,160,23,40,28,13,30
"Taz","ENSMUSG00000009995","X","MGP_CASTEiJ_G0034800","X",80,82,66,86,77,18,16,15,16,12
"Tbc1d25","ENSMUSG00000039201","X","MGP_CASTEiJ_G0034525","X",67,80,59,86,73,11,19,14,31,22
"Tbc1d8b","ENSMUSG00000042473","X","MGP_CASTEiJ_G0035093","X",486,469,340,623,657,38,46,60,61,67
"Tbl1x","ENSMUSG00000025246","X","MGP_CASTEiJ_G0034837","X",112,147,88,131,139,21,23,28,22,33
"Tbx22","ENSMUSG00000031241","X","MGP_CASTEiJ_G0034978","X",0,0,0,0,0,0,0,0,0,0
"Tceal1","ENSMUSG00000049536","X","MGP_CASTEiJ_G0035069","X",48,43,36,50,47,22,28,27,22,23
"Tceal3","ENSMUSG00000044550","X","MGP_CASTEiJ_G0035045","X",36,34,16,41,36,0,0,0,0,0
"Tceal5","ENSMUSG00000054034","X","MGP_CASTEiJ_G0035063","X",0,0,1,0,1,0,0,0,0,2
"Tceal7","ENSMUSG00000079428","X","MGP_CASTEiJ_G0035065","X",0,0,1,0,0,0,0,0,0,0
"Tceal8","ENSMUSG00000051579","X","MGP_CASTEiJ_G0035062","X",344,303,209,466,569,593,602,648,751,837
"Tceanc","ENSMUSG00000051224","X","MGP_CASTEiJ_G0035225","X",100,116,67,83,93,17,23,24,17,11
"Tcp11x2","ENSMUSG00000058252","X","MGP_CASTEiJ_G0035052","X",0,0,0,0,0,0,0,0,0,0
"Tenm1","ENSMUSG00000016150","X","MGP_CASTEiJ_G0034640","X",0,0,0,0,0,0,0,0,0,0
"Tex13a","ENSMUSG00000071686","X","MGP_CASTEiJ_G0035084","X",0,0,0,0,0,0,0,0,0,0
"Tex28","ENSMUSG00000062564","X","MGP_CASTEiJ_G0034794","X",0,0,0,0,0,0,0,0,0,0
"Tfe3","ENSMUSG00000000134","X","MGP_CASTEiJ_G0034506","X",244,321,174,285,314,33,28,35,43,59
"Tgif2lx2","ENSMUSG00000100194","X","MGP_CASTEiJ_G0035009","X",0,0,0,0,0,0,0,0,0,0
"Timm17b","ENSMUSG00000031158","X","MGP_CASTEiJ_G0034513","X",84,97,53,66,77,0,2,3,3,7
"Timm8a1","ENSMUSG00000048007","X","MGP_CASTEiJ_G0035034","X",0,0,0,0,0,0,0,0,0,0
"Timp1","ENSMUSG00000001131","X","MGP_CASTEiJ_G0034578","X",0,0,0,2,4,0,0,0,0,0
"Tktl1","ENSMUSG00000031397","X","MGP_CASTEiJ_G0034795","X",5,9,6,43,47,0,4,4,7,8
"Tlr13","ENSMUSG00000033777","X","MGP_CASTEiJ_G0034966","X",1,1,1,2,2,0,0,0,0,2
"Tlr7","ENSMUSG00000044583","X","MGP_CASTEiJ_G0035229","X",0,0,0,0,0,0,0,0,0,0
"Tlr8","ENSMUSG00000040522","X","MGP_CASTEiJ_G0035228","X",0,0,0,0,0,0,0,0,0,0
"Tmem164","ENSMUSG00000047045","X","MGP_CASTEiJ_G0035118","X",3528,3722,2797,2958,3205,762,784,829,611,657
"Tmem185a","ENSMUSG00000073139","X","MGP_CASTEiJ_G0034743","X",27,43,17,25,23,5,4,6,0,5
"Tmem255a","ENSMUSG00000036502","X","MGP_CASTEiJ_G0034626","X",0,1,1,0,0,0,1,0,0,0
"Tmem28","ENSMUSG00000071719","X","MGP_CASTEiJ_G0034901","X",177,195,170,156,160,11,16,29,14,14
"Tmem29","ENSMUSG00000041353","X","MGP_CASTEiJ_G0035133","X",1,2,6,2,0,4,7,9,3,12
"Tmem35a","ENSMUSG00000033578","X","MGP_CASTEiJ_G0035029","X",0,0,1,2,3,0,3,3,0,3
"Tmem47","ENSMUSG00000025666","X","MGP_CASTEiJ_G0034848","X",6,11,2,6,11,2,2,0,0,0
"Tmsb4x","ENSMUSG00000049775","X","MGP_CASTEiJ_G0035227","X",69,100,251,102,107,18,17,35,16,34
"Tnmd","ENSMUSG00000031250","X","MGP_CASTEiJ_G0035020","X",0,0,0,0,0,0,0,0,0,0
"Trap1a","ENSMUSG00000051257","X","MGP_CASTEiJ_G0035090","X",0,0,0,0,0,0,0,0,0,0
"Trappc2","ENSMUSG00000079317","X","MGP_CASTEiJ_G0035223","X",28,55,25,45,54,7,8,3,10,10
"Trex2","ENSMUSG00000031372","X","MGP_CASTEiJ_G0034771","X",0,0,0,0,1,0,0,0,0,0
"Trmt2b","ENSMUSG00000067369","X","MGP_CASTEiJ_G0035028","X",20,32,21,43,44,14,17,31,5,9
"Trpc5","ENSMUSG00000041710","X","MGP_CASTEiJ_G0035126","X",0,0,0,0,2,0,0,0,0,0
"Tsc22d3","ENSMUSG00000031431","X","MGP_CASTEiJ_G0035103","X",541,271,307,404,386,72,37,44,48,47
"Tsga8","ENSMUSG00000035522","X","MGP_CASTEiJ_G0034851","X",0,0,0,0,0,0,0,0,0,0
"Tsix","ENSMUSG00000085715","X","MGP_CASTEiJ_G0004610","X",7,1,4,2,0,0,0,0,0,0
"Tspan6","ENSMUSG00000067377","X","MGP_CASTEiJ_G0035021","X",0,0,0,0,0,0,0,0,0,0
"Tspan7","ENSMUSG00000058254","X","MGP_CASTEiJ_G0034543","X",59,67,35,35,40,7,8,6,5,5
"Tspyl2","ENSMUSG00000041096","X","MGP_CASTEiJ_G0035151","X",280,302,185,313,378,30,61,35,48,65
"Tsr2","ENSMUSG00000025264","X","MGP_CASTEiJ_G0035141","X",47,74,38,65,60,17,14,10,10,11
"Tsx","ENSMUSG00000031329","X","MGP_CASTEiJ_G0034947","X",0,0,0,1,1,0,0,0,0,0
"Txlng","ENSMUSG00000038344","X","MGP_CASTEiJ_G0035199","X",119,128,126,83,106,78,72,74,54,68
"Uba1","ENSMUSG00000001924","X","MGP_CASTEiJ_G0034573","X",670,710,498,763,876,88,63,67,48,47
"Ube2a","ENSMUSG00000016308","X","MGP_CASTEiJ_G0034604","X",38,58,49,51,47,0,4,0,6,4
"Ube2dnl1","ENSMUSG00000050435","X","MGP_CASTEiJ_G0035003","X",0,0,0,0,0,0,0,0,0,0
"Ube2dnl2","ENSMUSG00000047079","X","MGP_CASTEiJ_G0035004","X",0,0,0,0,0,0,0,0,0,0
"Ubl4a","ENSMUSG00000015290","X","MGP_CASTEiJ_G0034806","X",137,132,92,134,178,105,142,111,109,144
"Ubqln2","ENSMUSG00000050148","X","MGP_CASTEiJ_G0035161","X",158,190,127,154,173,18,14,15,23,16
"Upf3b","ENSMUSG00000036572","X","MGP_CASTEiJ_G0034609","X",109,90,59,72,111,22,29,39,12,16
"Uprt","ENSMUSG00000073016","X","MGP_CASTEiJ_G0034954","X",13,9,13,13,16,12,10,15,7,12
"Usp11","ENSMUSG00000031066","X","MGP_CASTEiJ_G0034575","X",167,166,136,148,162,14,15,20,11,26
"Usp26","ENSMUSG00000055780","X","MGP_CASTEiJ_G0034677","X",0,0,0,0,0,0,0,0,0,0
"Usp27x","ENSMUSG00000046269","X","MGP_CASTEiJ_G0034492","X",12,11,8,13,16,3,0,0,2,4
"Usp51","ENSMUSG00000067215","X","MGP_CASTEiJ_G0035156","X",0,0,1,0,0,1,0,0,0,0
"Utp14a","ENSMUSG00000063785","X","MGP_CASTEiJ_G0034654","X",207,184,119,200,242,50,33,57,5,7
"Uxt","ENSMUSG00000001134","X","MGP_CASTEiJ_G0034581","X",0,3,0,2,4,1,0,3,3,2
"Vbp1","ENSMUSG00000031197","X","MGP_CASTEiJ_G0034826","X",34,46,22,36,39,40,20,15,23,15
"Vegfd","ENSMUSG00000031380","X","MGP_CASTEiJ_G0035213","X",1,2,2,0,1,1,0,0,0,0
"Vgll1","ENSMUSG00000031131","X","MGP_CASTEiJ_G0034710","X",0,0,0,0,0,0,0,0,0,0
"Vsig1","ENSMUSG00000031430","X","MGP_CASTEiJ_G0035106","X",0,0,3,0,1,0,0,0,0,0
"Vsig4","ENSMUSG00000044206","X","MGP_CASTEiJ_G0034888","X",0,0,0,0,0,0,0,0,0,0
"Was","ENSMUSG00000031165","X","MGP_CASTEiJ_G0034522","X",0,0,0,0,3,0,0,0,0,1
"Wdr13","ENSMUSG00000031166","X","MGP_CASTEiJ_G0034523","X",245,291,197,272,275,48,66,51,36,65
"Wdr45","ENSMUSG00000039382","X","MGP_CASTEiJ_G0034503","X",280,380,172,298,299,44,67,44,57,67
"Wnk3","ENSMUSG00000041245","X","MGP_CASTEiJ_G0035142","X",1,0,0,0,1,0,0,0,0,0
"Xiap","ENSMUSG00000025860","X","MGP_CASTEiJ_G0034638","X",548,443,407,453,450,130,123,175,92,119
"Xist","ENSMUSG00000086503","X","MGP_CASTEiJ_G0007376","X",226,277,248,14,8,1356,1597,1998,1,3
"Xkrx","ENSMUSG00000031258","X","MGP_CASTEiJ_G0035026","X",0,0,0,1,1,0,0,1,2,0
"Xpnpep2","ENSMUSG00000037005","X","MGP_CASTEiJ_G0034651","X",0,0,2,0,0,1,0,0,0,0
"Yipf6","ENSMUSG00000047694","X","MGP_CASTEiJ_G0034897","X",1305,1257,903,1089,1198,97,140,151,91,102
"Yy2","ENSMUSG00000091736","X","MGP_CASTEiJ_G0035176","X",0,0,0,0,0,0,0,0,0,0
"Zbtb33","ENSMUSG00000048047","X","MGP_CASTEiJ_G0034625","X",6,5,7,8,4,2,3,4,2,4
"Zc3h12b","ENSMUSG00000035045","X","MGP_CASTEiJ_G0034884","X",3,3,6,9,14,0,3,4,1,2
"Zc4h2","ENSMUSG00000035062","X","MGP_CASTEiJ_G0034883","X",2,5,2,4,7,1,2,0,4,2
"Zcchc12","ENSMUSG00000036699","X","MGP_CASTEiJ_G0034596","X",0,2,1,2,5,0,0,0,0,0
"Zcchc13","ENSMUSG00000031330","X","MGP_CASTEiJ_G0034949","X",0,0,0,0,0,0,0,0,0,0
"Zcchc18","ENSMUSG00000031428","X","MGP_CASTEiJ_G0035079","X",2,0,2,0,2,1,0,0,0,0
"Zdhhc15","ENSMUSG00000033906","X","MGP_CASTEiJ_G0034955","X",6,6,2,3,6,3,1,0,0,0
"Zdhhc9","ENSMUSG00000036985","X","MGP_CASTEiJ_G0034653","X",254,246,199,261,335,46,66,54,55,68
"Zfp182","ENSMUSG00000054737","X","MGP_CASTEiJ_G0034582","X",35,29,26,36,46,5,7,8,10,6
"Zfp185","ENSMUSG00000031351","X","MGP_CASTEiJ_G0034763","X",233,194,180,215,210,28,22,28,14,10
"Zfp275","ENSMUSG00000031365","X","MGP_CASTEiJ_G0034769","X",64,65,77,45,50,10,15,5,14,14
"Zfp280c","ENSMUSG00000036916","X","MGP_CASTEiJ_G0034659","X",41,59,50,62,77,1,2,5,3,9
"Zfp300","ENSMUSG00000031079","X","MGP_CASTEiJ_G0034584","X",3,0,0,0,1,0,0,0,0,0
"Zfp36l3","ENSMUSG00000059334","X","MGP_CASTEiJ_G0034696","X",0,0,0,2,0,0,0,0,0,0
"Zfp449","ENSMUSG00000073176","X","MGP_CASTEiJ_G0034699","X",11,2,9,4,4,0,0,0,1,0
"Zfp711","ENSMUSG00000025529","X","MGP_CASTEiJ_G0034998","X",1,0,3,4,4,0,0,0,0,0
"Zfp92","ENSMUSG00000031374","X","MGP_CASTEiJ_G0034770","X",5,1,3,1,8,0,0,0,0,2
"Zic3","ENSMUSG00000067860","X","MGP_CASTEiJ_G0034716","X",0,0,0,0,0,0,0,0,0,0
"Zmat1","ENSMUSG00000052676","X","MGP_CASTEiJ_G0035044","X",36,39,22,37,19,15,8,15,7,11
"Zmym3","ENSMUSG00000031310","X","MGP_CASTEiJ_G0034924","X",285,301,192,269,349,51,61,46,50,72
"Zrsr2","ENSMUSG00000031370","X","MGP_CASTEiJ_G0035206","X",203,193,147,202,218,24,25,25,29,29
"Zxdb","ENSMUSG00000073062","X","MGP_CASTEiJ_G0034878","X",51,51,49,37,40,0,0,0,0,0
